العربية,English,বাংলা,فارسی,Français,Indonesia,Italiano,Dutch,Português,русский,Shqip,ภาษาไทย,Türkçe,اردو,简体中文,Melayu,Español,Kiswahili,Tiếng Việt
"القرآن","Quran","কুরআন","قرآن","Coran","Al-Quran","Corano","Koran","Alcorão","Коран","Kurani","อัลกุรอาน","Kuran","قرآن","古兰经","Al-Quran","Corán","Quran","Kinh Quran"
"القرآن الكريم","Holy Quran","পবিত্র কুরআন","قرآن کریم","Saint Coran","Al-Quran Suci","Sacro Corano","Heilige Koran","Alcorão Sagrado","Священный Коран","Kurani Famëlartë","อัลกุรอานศักดิ์สิทธิ์","Kuran Kerim","قرآن مجید","神圣古兰经","Al-Quran Suci","Sagrado Corán","Quran Tukufu","Nghe Kinh Quran"
"استماع القرآن","Listen Quran","কুরআন শুনুন","شنیدن قرآن","Écouter le Coran","Dengarkan Al-Quran","Ascolta il Corano","Luister Koran","Ouvir Alcorão","Слушать Коран","Dëgjo Kuranin","ฟังอัลกุรอาน","Kuran Dinle","قرآن سنیں","听古兰经","Dengar Al-Quran","Escuchar Corán","Sikiliza Quran","Đọc Kinh Quran"
"قراءة القرآن","Read Quran","কুরআন পড়ুন","خواندن قرآن","Lire le Coran","Baca Al-Quran","Leggi il Corano","Lees Koran","Ler Alcorão","Читать Коран","Lexo Kuranin","อ่านอัลกุรอาน","Kuran Oku","قرآن پڑھیں","读古兰经","Baca Al-Quran","Leer Corán","Soma Quran","Tafsir"
"تفسير","Tafsir","তাফসির","تفسیر","Tafsir","Tafsir","Tafsir","Tafsir","Tafsir","Тафсир","Tefsir","ตัฟซีร","Tefsir","تفسیر","塔夫斯","Tafsir","Tafsir","Tafsir","Hadith"
"أحاديث نبوية","Hadith","হাদিস","حدیث","Hadith","Hadis","Hadith","Hadith","Hadith","Хадис","Hadith","หะดีษ","Hadis","حدیث","圣训","Hadis","Hadiz","Hadith","Tụng niệm"
"تلاوة","Recitation","তিলাওয়াত","تلاوت","Récitation","Tilawah","Recitazione","Recitatie","Recitação","Чтение","Recitim","การอ่านซ้ำ","Tilavet","تلاوت","朗诵","Tilawah","Recitación","Kisomo","Kinh Quran trực tuyến"
"مصحف","Mushaf","কুরআন অনলাইন","قرآن آنلاین","Coran en ligne","Al-Quran Online","Corano online","Koran online","Alcorão Online","Коран онлайн","Kuran Online","อัลกุรอานออนไลน์","Kuran Çevrimiçi","آن لائن قرآن","在线古兰经","Al-Quran Dalam Talian","Corán en línea","Quran Mtandaoni","Câu thơ"
"قرآن اونلاين","Quran Online","আয়াত","آیه","Verset","Ayat","Verso","Vers","Versículo","Аят","Ajet","อายะห์","Ayet","آیت","经文","Ayat","Verso","Aya","Surah"
"ايات","Ayah","সূরা","سوره","Sourate","Surah","Sura","Soera","Surata","Сура","Sure","ซูเราะห์","Sure","سورہ","苏拉","Surah","Sura","Sura","Hồi giáo"
"سورة","Surah","কুরআন অডিও","صوت قرآن","Audio Coran","Audio Al-Quran","Audio Corano","Koran audio","Áudio Alcorão","Аудио Коран","Audio Kuran","เสียงอัลกุรอาน","Kuran Sesi","قرآن آڈیو","古兰经音频","Audio Al-Quran","Audio Corán","Sauti ya Quran","Dịch Kinh Quran"
"الذكاء الاصطناعي الإسلامي","Islamic AI Chatbot","কুরআন অনুবাদ","ترجمه قرآن","Traduction Coran","Terjemahan Al-Quran","Traduzione Corano","Koran vertaling","Tradução Alcorão","Перевод Корана","Përkthimi i Kuranit","แปลอัลกุรอาน","Kuran Çevirisi","قرآن کا ترجمہ","古兰经翻译","Terjemahan Al-Quran","Traducción Corán","Tafsiri ya Quran","Âm thanh Kinh Quran"
"مكتوب","Quran Audio","ইসলাম","اسلام","Islam","Islam","Islam","Islam","Islamismo","Ислам","Islam","อิสลาม","İslam","اسلام","伊斯兰教","Islam","Islam","Uislamu","Người Hồi giáo"
"صوت","Tajweed","মুসলিম","مسلمان","Musulman","Muslim","Musulmano","Moslim","Muçulmano","Мусульманин","Musliman","มุสลิม","Müslüman","مسلمان","穆斯林","Muslim","Musulmán","Muislamu","Kinh Quran miễn phí"
"تجويد","Memorize Quran","বিনামূল্যে কুরআন","قرآن رایگان","Coran gratuit","Al-Quran Gratis","Corano gratuito","Gratis Koran","Alcorão grátis","Коран бесплатно","Kuran falas","อัลกุรอานฟรี","Ücretsiz Kuran","مفت قرآن","免费古兰经","Al-Quran Percuma","Corán gratis","Quran bure","Nền tảng Quran thông minh"
"حفظ","Quran Translation","স্মার্ট কুরআন প্ল্যাটফর্ম","پلتفرم هوشمند قرآن","Plateforme Coran intelligente","Platform Quran Cerdas","Piattaforma Corano intelligente","Slim Koran platform","Plataforma Alcorão inteligente","Умная платформа Коран","Platformë e zgjuar Kurani","แพลตฟอร์มอัลกุรอานอัจฉริยะ","Akıllı Kuran Platformu","سمارٹ قرآن پلیٹ فارم","智能古兰经平台","Platform Al-Quran Pintar","Plataforma Corán inteligente","Jukwaa la Quran Smart","Trợ lý Quran AI"
"ترجمة","Islam","ইসলামিক এআই","دستیار قرآنی هوش مصنوعی","Assistant Coran IA","Asisten Quran AI","Assistente Corano IA","Koran AI assistent","Assistente Alcorão IA","Помощник Коран ИИ","Asistent Kurani AI","ผู้ช่วยอัลกุรอาน AI","Kuran AI Asistanı","قرآن اے آئی اسسٹنٹ","古兰经AI助手","Pembantu Al-Quran AI","Asistente Corán IA","Msaidizi Quran AI","Chatbot Hồi giáo"
"فقه","Muslim","কুরআন চ্যাটবট","چت‌بات اسلامی","Chatbot islamique","Chatbot Islam","Chatbot islamico","Islamitische chatbot","Chatbot islâmico","Исламский чатбот","Chatbot islamik","แชทบอทอิสลาม","İslami Chatbot","اسلامک چیٹ بوٹ","伊斯兰聊天机器人","Chatbot Islam","Chatbot islámico","Chatbot ya Kiislamu","Hỏi đáp Quran AI"
"إسلام","Free Quran","কুরআন প্রশ্নোত্তর","پرسش و پاسخ قرآنی","Questions Coran IA","Tanya Jawab Quran AI","Domande Corano IA","Koran vragen AI","Perguntas Alcorão IA","Вопросы Коран ИИ","Pyetje Kurani AI","ถามตอบอัลกุรอาน AI","Kuran Soru Cevap AI","قرآن سوال جواب اے آئی","古兰经问答AI","Soal Jawab Al-Quran AI","Preguntas Corán IA","Maswali Quran AI","Học Quran trực tuyến"
"قرآن مجاني","Smart Quran Platform","অনলাইনে কুরআন শিখুন","یادگیری قرآن آنلاین","Apprendre le Coran en ligne","Belajar Quran Online","Impara il Corano online","Koran online leren","Aprender Alcorão online","Учить Коран онлайн","Mëso Kuranin online","เรียนอัลกุรอานออนไลน์","Online Kuran Öğren","آن لائن قرآن سیکھیں","在线学习古兰经","Belajar Al-Quran Online","Aprender Corán online","Jifunze Quran Mtandaoni","Ứng dụng Quran"
"منصة القرآن الذكية","AI Quran Assistant","কুরআন অ্যাপ","اپ قرآن","Application Coran","Aplikasi Quran","App Corano","Koran app","App Alcorão","Приложение Коран","Aplikacion Kurani","แอปอัลกุรอาน","Kuran Uygulaması","قرآن ایپ","古兰经应用","Aplikasi Al-Quran","Aplicación Corán","Programu ya Quran","Học Tajweed"
"شات بوت إسلامي","Quran Chatbot","তাজউইদ শিক্ষা","آموزش تجوید","Apprendre le Tajweed","Belajar Tajwid","Impara il Tajweed","Tajweed leren","Aprender Tajweed","Учить Таджвид","Mëso Taxhvid","เรียนตัจวีด","Tecvid Öğren","تجوید سیکھیں","学习诵读规则","Belajar Tajwid","Aprender Tajweed","Jifunze Tajweed","Thuộc lòng Quran"
"مساعد قرآني ذكي","Islamic AI","কুরআন হিফজ","حفظ قرآن","Mémorisation Coran","Hafalan Quran","Memorizzazione Corano","Koran memoriseren","Memorização Alcorão","Заучивание Корана","Memorizim Kurani","ท่องจำอัลกุรอาน","Kuran Ezberleme","حفظ قرآن","背诵古兰经","Hafazan Al-Quran","Memorización Corán","Kukariri Quran","Quran tương tác"
"سؤال وجواب قرآني","Quran Q&A","ইন্টারেক্টিভ কুরআন","قرآن تعاملی","Coran interactif","Quran Interaktif","Corano interattivo","Interactieve Koran","Alcorão interativo","Интерактивный Коран","Kuran interaktiv","อัลกุรอานอินเทอร์แอคทีฟ","İnteraktif Kuran","انٹرایکٹو قرآن","互动古兰经","Al-Quran Interaktif","Corán interactivo","Quran Maingiliano","Mishary Rashid Alafasy"
"تفسير بالذكاء الاصطناعي","Learn Quran Online","মিশারি রশিদ আলাফাসি","مشاری راشد العفاسی","Mishary Rashid Alafasy","Mishary Rashid Alafasy","Mishary Rashid Alafasy","Mishary Rashid Alafasy","Mishary Rashid Alafasy","Мишари Рашид Аль-Афаси","Mishary Rashid Alafasy","มิชารี ราชิด อัลอาฟาซี","Mishary Rashid Alafasy","مشاری راشد العفاسی","米沙里·拉希德·阿法西","Mishary Rashid Alafasy","Mishary Rashid Alafasy","Mishary Rashid Alafasy","Abdul Basit"
"تعلم القرآن أونلاين","Quran App","আব্দুল বাসিত","عبدالباسط عبدالصمد","Abdul Basit","Abdul Basit","Abdul Basit","Abdul Basit","Abdul Basit","Абдул Басит","Abdul Basit","อับดุล บาซิต","Abdul Basit","عبد الباسط عبد الصمد","阿卜杜勒·巴西特","Abdul Basit","Abdul Basit","Abdul Basit","Saad Al-Ghamdi"
"محادثة إسلامية","Quran Learning","সাদ আল-গামিদি","سعد الغامدی","Saad Al-Ghamdi","Saad Al-Ghamdi","Saad Al-Ghamdi","Saad Al-Ghamdi","Saad Al-Ghamdi","Саад аль-Гамиди","Saad Al-Ghamdi","ซาอัด อัลฆอมิดี","Saad Al-Ghamdi","سعد الغامدی","萨阿德·加米迪","Saad Al-Ghamdi","Saad Al-Ghamdi","Saad Al-Ghamdi","Đọc theo Hafs"
"روبوت قرآني","Interactive Quran","হাফস রেওয়ায়েত","روایت حفص","Récitation Hafs","Bacaan Hafs","Recitazione Hafs","Hafs recitatie","Recitação Hafs","Чтение Хафс","Recitim Hafs","การอ่านฮัฟส์","Hafs Kıraatı","روایت حفص","哈夫斯诵读","Bacaan Hafs","Recitación Hafs","Usomaji wa Hafs","Đọc theo Warsh"
"منصة قرآنية تفاعلية","AI Tafsir","ওয়ার্শ রেওয়ায়েত","روایت ورش","Récitation Warsh","Bacaan Warsh","Recitazione Warsh","Warsh recitatie","Recitação Warsh","Чтение Варш","Recitim Warsh","การอ่านวาร์ช","Warsh Kıraatı","روایت ورش","瓦尔什诵读","Bacaan Warsh","Recitación Warsh","Usomaji wa Warsh","Phần 1"
"تصحيح التلاوة","Quran Recitation Practice","পারা ১","جزء اول","Jouz 1","Juz 1","Juz 1","Juz 1","Juz 1","Джуз 1","Xhuz 1","ญุซที่ 1","Cüz 1","پارہ 1","第1卷","Juzuk 1","Yuz 1","Juz 1","Phần 2"
"تحفيظ القرآن ذكاء اصطناعي","Online Quran Study","পারা ২","جزء دوم","Jouz 2","Juz 2","Juz 2","Juz 2","Juz 2","Джуз 2","Xhuz 2","ญุซที่ 2","Cüz 2","پارہ 2","第2卷","Juzuk 2","Yuz 2","Juz 2","Phần 3"
"تعليم التجويد","Mishary Rashid Alafasy","পারা ৩","جزء سوم","Jouz 3","Juz 3","Juz 3","Juz 3","Juz 3","Джуз 3","Xhuz 3","ญุซที่ 3","Cüz 3","پارہ 3","第3卷","Juzuk 3","Yuz 3","Juz 3","Phần 4"
"مشاري راشد العفاسي","Abdul Basit","পারা ৪","جزء چهارم","Jouz 4","Juz 4","Juz 4","Juz 4","Juz 4","Джуз 4","Xhuz 4","ญุซที่ 4","Cüz 4","پارہ 4","第4卷","Juzuk 4","Yuz 4","Juz 4","Phần 5"
"عبد الباسط عبد الصمد","Saad Al-Ghamdi","পারা ৫","جزء پنجم","Jouz 5","Juz 5","Juz 5","Juz 5","Juz 5","Джуз 5","Xhuz 5","ญุซที่ 5","Cüz 5","پارہ 5","第5卷","Juzuk 5","Yuz 5","Juz 5","Phần 6"
"سعد الغامدي","Maher Al-Mueaqly","পারা ৬","جزء ششم","Jouz 6","Juz 6","Juz 6","Juz 6","Juz 6","Джуз 6","Xhuz 6","ญุซที่ 6","Cüz 6","پارہ 6","第6卷","Juzuk 6","Yuz 6","Juz 6","Phần 7"
"ماهر المعيقلي","Abdul Rahman Al-Sudais","পারা ৭","جزء هفتم","Jouz 7","Juz 7","Juz 7","Juz 7","Juz 7","Джуз 7","Xhuz 7","ญุซที่ 7","Cüz 7","پارہ 7","第7卷","Juzuk 7","Yuz 7","Juz 7","Phần 8"
"عبد الرحمن السديس","Al-Husary","পারা ৮","جزء هشتم","Jouz 8","Juz 8","Juz 8","Juz 8","Juz 8","Джуз 8","Xhuz 8","ญุซที่ 8","Cüz 8","پارہ 8","第8卷","Juzuk 8","Yuz 8","Juz 8","Phần 9"
"الحصري","Hafs recitation","পারা ৯","جزء نهم","Jouz 9","Juz 9","Juz 9","Juz 9","Juz 9","Джуз 9","Xhuz 9","ญุซที่ 9","Cüz 9","پارہ 9","第9卷","Juzuk 9","Yuz 9","Juz 9","Phần 10"
"محمود خليل الحصري","Warsh recitation","পারা ১০","جزء دهم","Jouz 10","Juz 10","Juz 10","Juz 10","Juz 10","Джуз 10","Xhuz 10","ญุซที่ 10","Cüz 10","پارہ 10","第10卷","Juzuk 10","Yuz 10","Juz 10","Juz Amma"
"رواية حفص","Juz 1","জুজ আম্মা","جزء عم","Jouz Amma","Juz Amma","Juz Amma","Juz Amma","Juz Amma","Джуз Амма","Xhuz Amma","ญุซอัมมา","Cüz Amma","جز عم","安玛章","Juz Amma","Yuz Amma","Juz Amma","Juz Tabarak"
"رواية ورش","Juz 2","জুজ তাবারক","جزء تبارک","Jouz Tabarak","Juz Tabarak","Juz Tabarak","Juz Tabarak","Juz Tabarak","Джуз Табарак","Xhuz Tabarak","ญุซตะบาร็อก","Cüz Tabarak","جز تبارک","塔巴拉克章","Juz Tabarak","Yuz Tabarak","Juz Tabarak","Dhikr buổi sáng"
"رواية قالون","Juz 3","সকালের আজকার","اذکار صبح","Dhikr du matin","Dzikir Pagi","Dhikr mattutino","Ochtend Dhikr","Dhikr da manhã","Утренний Зикр","Dhikr i mëngjesit","ซิกรฺตอนเช้า","Sabah Zikri","صبح کے اذکار","早晨念珠","Zikir Pagi","Dhikr de la mañana","Dhikr ya Asubuhi","Dhikr buổi tối"
"الجزء الأول","Juz 4","সন্ধ্যার আজকার","اذکار شب","Dhikr du soir","Dzikir Petang","Dhikr serale","Avond Dhikr","Dhikr da tarde","Вечерний Зикр","Dhikr i mbrëmjes","ซิกรฺตอนเย็น","Akşam Zikri","شام کے اذکار","晚间念珠","Zikir Petang","Dhikr de la tarde","Dhikr ya Jioni","Dua"
"الجزء الثاني","Juz 5","দোয়া","دعا","Dua","Doa","Dua","Dua","Dua","Дуа","Dua","ดุอาอ์","Dua","دعا","祈祷词","Doa","Dua","Dua","Ayat Al-Kursi"
"الجزء الثالث","Juz 6","আয়াতুল কুরসি","آیت‌الکرسی","Ayat Al-Kursi","Ayat Kursi","Ayat Al-Kursi","Ayat Al-Kursi","Ayat Al-Kursi","Аят аль-Курси","Ajet al-Kursij","อายะตุลกุรซี","Ayetel Kürsi","آیت الکرسی","宝座章","Ayat Kursi","Ayat Al-Kursi","Aya al-Kursi","Surah ngắn"
"الجزء الرابع","Juz 7","ছোট সূরা","سوره‌های کوتاه","Courtes sourates","Surat Pendek","Sure brevi","Korte soeras","Suratas curtas","Короткие суры","Sure të shkurtra","ซูเราะห์สั้น","Kısa Sureler","چھوٹی سورتیں","短章","Surah Pendek","Suras cortas","Sura Fupi","Đọc hết Quran"
"الجزء الخامس","Juz 8","কুরআন খতম","ختم قرآن","Khatam Coran","Khatam Quran","Khatam Corano","Koran khatam","Khatam Alcorão","Хатм Корана","Khatam Kurani","ขะตัมอัลกุรอาน","Kuran Hatim","قرآن ختم","完成古兰经诵读","Khatam Al-Quran","Khatam Corán","Khatam Quran","Wird hàng ngày"
"الجزء السادس","Juz 9","দৈনিক ওয়াজিফা","ورد روزانه","Wird quotidien","Wirid Harian","Wird quotidiano","Dagelijkse Wird","Wird diário","Ежедневный Вирд","Wird ditor","วิรดฺประจำวัน","Günlük Vird","روزانہ ورد","每日功课","Wirid Harian","Wird diario","Wird ya Kila Siku","Tìm kiếm trong Quran"
"الجزء السابع","Juz 10","কুরআন অনুসন্ধান","جستجو در قرآن","Rechercher dans le Coran","Cari Ayat Quran","Cerca nel Corano","Zoek in de Koran","Pesquisar Alcorão","Поиск в Коране","Kërko në Kuran","ค้นหาในอัลกุรอาน","Kuranda Ara","قرآن میں تلاش","搜索古兰经","Cari Ayat Quran","Buscar en el Corán","Tafuta Katika Quran","Ý nghĩa Quran"
"الجزء الثامن","Juz Amma","কুরআনের অর্থ","معانی قرآن","Signification du Coran","Makna Al-Quran","Significato del Corano","Koran betekenis","Significado Alcorão","Значение Корана","Kuptimi i Kuranit","ความหมายอัลกุรอาน","Kuran Anlamı","قرآن کے معنی","古兰经含义","Makna Al-Quran","Significado del Corán","Maana ya Quran","Tafsir Ibn Kathir"
"الجزء التاسع","Juz Tabarak","তাফসির ইবনে কাসির","تفسیر ابن‌کثیر","Tafsir Ibn Kathir","Tafsir Ibnu Katsir","Tafsir Ibn Kathir","Tafsir Ibn Kathir","Tafsir Ibn Kathir","Тафсир Ибн Касир","Tefsir Ibn Kethir","ตัฟซีรอิบนุกะษีร","İbn Kesir Tefsiri","تفسیر ابن کثیر","伊本·卡西尔注释","Tafsir Ibn Kathir","Tafsir Ibn Kathir","Tafsir Ibn Kathir","Kỳ diệu của Quran"
"الجزء العاشر","Morning Adhkar","কুরআনের অলৌকিকতা","اعجاز قرآن","Miracle du Coran","Mukjizat Quran","Miracolo del Corano","Wonder van de Koran","Milagre do Alcorão","Чудо Корана","Mrekullia e Kuranit","มิรอกเคิลอัลกุรอาน","Kuranın Mucizesi","قرآن کا معجزہ","古兰经奇迹","Mukjizat Al-Quran","Milagro del Corán","Muujiza wa Quran","Kinh Quran tiếng Việt"
"جزء عم","Evening Adhkar","কুরআন বাংলা অনুবাদ","قرآن به فارسی","Coran en français","Quran Bahasa Indonesia","Corano in italiano","Koran in het Nederlands","Alcorão em português","Коран на русском","Kurani në shqip","อัลกุรอานภาษาไทย","Türkçe Kuran","اردو قرآن","中文古兰经","Al-Quran Bahasa Melayu","Corán en español","Quran kwa Kiswahili","Surah Al-Fatihah"
"جزء تبارك","Dua","সূরা Al-Fatihah","سوره Al-Fatihah","Sourate Al-Fatihah","Surah Al-Fatihah","Sura Al-Fatihah","Soera Al-Fatihah","Surata Al-Fatihah","Сура Al-Fatihah","Sure Al-Fatihah","ซูเราะห์ Al-Fatihah","Sure Al-Fatihah","سورہ Al-Fatihah","苏拉 Al-Fatihah","Surah Al-Fatihah","Sura Al-Fatihah","Sura Al-Fatihah","Surah Al-Baqarah"
"أذكار الصباح","Ayat Al-Kursi","সূরা Al-Baqarah","سوره Al-Baqarah","Sourate Al-Baqarah","Surah Al-Baqarah","Sura Al-Baqarah","Soera Al-Baqarah","Surata Al-Baqarah","Сура Al-Baqarah","Sure Al-Baqarah","ซูเราะห์ Al-Baqarah","Sure Al-Baqarah","سورہ Al-Baqarah","苏拉 Al-Baqarah","Surah Al-Baqarah","Sura Al-Baqarah","Sura Al-Baqarah","Surah Ali Imran"
"أذكار المساء","Short Surahs","সূরা Ali Imran","سوره Ali Imran","Sourate Ali Imran","Surah Ali Imran","Sura Ali Imran","Soera Ali Imran","Surata Ali Imran","Сура Ali Imran","Sure Ali Imran","ซูเราะห์ Ali Imran","Sure Ali Imran","سورہ Ali Imran","苏拉 Ali Imran","Surah Ali Imran","Sura Ali Imran","Sura Ali Imran","Surah An-Nisa"
"دعاء","Complete Quran","সূরা An-Nisa","سوره An-Nisa","Sourate An-Nisa","Surah An-Nisa","Sura An-Nisa","Soera An-Nisa","Surata An-Nisa","Сура An-Nisa","Sure An-Nisa","ซูเราะห์ An-Nisa","Sure An-Nisa","سورہ An-Nisa","苏拉 An-Nisa","Surah An-Nisa","Sura An-Nisa","Sura An-Nisa","Surah Al-Ma'idah"
"آية الكرسي","Daily Wird","সূরা Al-Ma'idah","سوره Al-Ma'idah","Sourate Al-Ma'idah","Surah Al-Ma'idah","Sura Al-Ma'idah","Soera Al-Ma'idah","Surata Al-Ma'idah","Сура Al-Ma'idah","Sure Al-Ma'idah","ซูเราะห์ Al-Ma'idah","Sure Al-Ma'idah","سورہ Al-Ma'idah","苏拉 Al-Ma'idah","Surah Al-Ma'idah","Sura Al-Ma'idah","Sura Al-Ma'idah","Surah Al-An'am"
"سور قصيرة","Quran Khatam","সূরা Al-An'am","سوره Al-An'am","Sourate Al-An'am","Surah Al-An'am","Sura Al-An'am","Soera Al-An'am","Surata Al-An'am","Сура Al-An'am","Sure Al-An'am","ซูเราะห์ Al-An'am","Sure Al-An'am","سورہ Al-An'am","苏拉 Al-An'am","Surah Al-An'am","Sura Al-An'am","Sura Al-An'am","Surah Al-A'raf"
"ختمة القرآن","Search Quran","সূরা Al-A'raf","سوره Al-A'raf","Sourate Al-A'raf","Surah Al-A'raf","Sura Al-A'raf","Soera Al-A'raf","Surata Al-A'raf","Сура Al-A'raf","Sure Al-A'raf","ซูเราะห์ Al-A'raf","Sure Al-A'raf","سورہ Al-A'raf","苏拉 Al-A'raf","Surah Al-A'raf","Sura Al-A'raf","Sura Al-A'raf","Surah Al-Anfal"
"ورد يومي","Quran Meaning","সূরা Al-Anfal","سوره Al-Anfal","Sourate Al-Anfal","Surah Al-Anfal","Sura Al-Anfal","Soera Al-Anfal","Surata Al-Anfal","Сура Al-Anfal","Sure Al-Anfal","ซูเราะห์ Al-Anfal","Sure Al-Anfal","سورہ Al-Anfal","苏拉 Al-Anfal","Surah Al-Anfal","Sura Al-Anfal","Sura Al-Anfal","Surah At-Tawbah"
"خشوع","Quran Miracle","সূরা At-Tawbah","سوره At-Tawbah","Sourate At-Tawbah","Surah At-Tawbah","Sura At-Tawbah","Soera At-Tawbah","Surata At-Tawbah","Сура At-Tawbah","Sure At-Tawbah","ซูเราะห์ At-Tawbah","Sure At-Tawbah","سورہ At-Tawbah","苏拉 At-Tawbah","Surah At-Tawbah","Sura At-Tawbah","Sura At-Tawbah","Surah Yunus"
"قيام الليل","Quran Tafseer","সূরা Yunus","سوره Yunus","Sourate Yunus","Surah Yunus","Sura Yunus","Soera Yunus","Surata Yunus","Сура Yunus","Sure Yunus","ซูเราะห์ Yunus","Sure Yunus","سورہ Yunus","苏拉 Yunus","Surah Yunus","Sura Yunus","Sura Yunus","Surah Hud"
"بحث في القرآن","Ibn Kathir Tafsir","সূরা Hud","سوره Hud","Sourate Hud","Surah Hud","Sura Hud","Soera Hud","Surata Hud","Сура Hud","Sure Hud","ซูเราะห์ Hud","Sure Hud","سورہ Hud","苏拉 Hud","Surah Hud","Sura Hud","Sura Hud","Surah Yusuf"
"قرآن كريم كامل","Quran Word Meaning","সূরা Yusuf","سوره Yusuf","Sourate Yusuf","Surah Yusuf","Sura Yusuf","Soera Yusuf","Surata Yusuf","Сура Yusuf","Sure Yusuf","ซูเราะห์ Yusuf","Sure Yusuf","سورہ Yusuf","苏拉 Yusuf","Surah Yusuf","Sura Yusuf","Sura Yusuf","Surah Ar-Ra'd"
"تفسير ابن كثير","Quran in English","সূরা Ar-Ra'd","سوره Ar-Ra'd","Sourate Ar-Ra'd","Surah Ar-Ra'd","Sura Ar-Ra'd","Soera Ar-Ra'd","Surata Ar-Ra'd","Сура Ar-Ra'd","Sure Ar-Ra'd","ซูเราะห์ Ar-Ra'd","Sure Ar-Ra'd","سورہ Ar-Ra'd","苏拉 Ar-Ra'd","Surah Ar-Ra'd","Sura Ar-Ra'd","Sura Ar-Ra'd","Surah Ibrahim"
"تفسير السعدي","Surah Al-Fatihah","সূরা Ibrahim","سوره Ibrahim","Sourate Ibrahim","Surah Ibrahim","Sura Ibrahim","Soera Ibrahim","Surata Ibrahim","Сура Ibrahim","Sure Ibrahim","ซูเราะห์ Ibrahim","Sure Ibrahim","سورہ Ibrahim","苏拉 Ibrahim","Surah Ibrahim","Sura Ibrahim","Sura Ibrahim","Surah Al-Hijr"
"معاني القرآن","Surah Al-Baqarah","সূরা Al-Hijr","سوره Al-Hijr","Sourate Al-Hijr","Surah Al-Hijr","Sura Al-Hijr","Soera Al-Hijr","Surata Al-Hijr","Сура Al-Hijr","Sure Al-Hijr","ซูเราะห์ Al-Hijr","Sure Al-Hijr","سورہ Al-Hijr","苏拉 Al-Hijr","Surah Al-Hijr","Sura Al-Hijr","Sura Al-Hijr","Surah An-Nahl"
"إعجاز القرآن","Surah Ali Imran","সূরা An-Nahl","سوره An-Nahl","Sourate An-Nahl","Surah An-Nahl","Sura An-Nahl","Soera An-Nahl","Surata An-Nahl","Сура An-Nahl","Sure An-Nahl","ซูเราะห์ An-Nahl","Sure An-Nahl","سورہ An-Nahl","苏拉 An-Nahl","Surah An-Nahl","Sura An-Nahl","Sura An-Nahl","Surah Al-Isra"
"إعراب القرآن","Surah An-Nisa","সূরা Al-Isra","سوره Al-Isra","Sourate Al-Isra","Surah Al-Isra","Sura Al-Isra","Soera Al-Isra","Surata Al-Isra","Сура Al-Isra","Sure Al-Isra","ซูเราะห์ Al-Isra","Sure Al-Isra","سورہ Al-Isra","苏拉 Al-Isra","Surah Al-Isra","Sura Al-Isra","Sura Al-Isra","Surah Al-Kahf"
"سورة Al-Fatihah","Surah Al-Ma'idah","সূরা Al-Kahf","سوره Al-Kahf","Sourate Al-Kahf","Surah Al-Kahf","Sura Al-Kahf","Soera Al-Kahf","Surata Al-Kahf","Сура Al-Kahf","Sure Al-Kahf","ซูเราะห์ Al-Kahf","Sure Al-Kahf","سورہ Al-Kahf","苏拉 Al-Kahf","Surah Al-Kahf","Sura Al-Kahf","Sura Al-Kahf","Surah Maryam"
"سورة Al-Baqarah","Surah Al-An'am","সূরা Maryam","سوره Maryam","Sourate Maryam","Surah Maryam","Sura Maryam","Soera Maryam","Surata Maryam","Сура Maryam","Sure Maryam","ซูเราะห์ Maryam","Sure Maryam","سورہ Maryam","苏拉 Maryam","Surah Maryam","Sura Maryam","Sura Maryam","Surah Ta-Ha"
"سورة Ali Imran","Surah Al-A'raf","সূরা Ta-Ha","سوره Ta-Ha","Sourate Ta-Ha","Surah Ta-Ha","Sura Ta-Ha","Soera Ta-Ha","Surata Ta-Ha","Сура Ta-Ha","Sure Ta-Ha","ซูเราะห์ Ta-Ha","Sure Ta-Ha","سورہ Ta-Ha","苏拉 Ta-Ha","Surah Ta-Ha","Sura Ta-Ha","Sura Ta-Ha","Surah Al-Anbiya"
"سورة An-Nisa","Surah Al-Anfal","সূরা Al-Anbiya","سوره Al-Anbiya","Sourate Al-Anbiya","Surah Al-Anbiya","Sura Al-Anbiya","Soera Al-Anbiya","Surata Al-Anbiya","Сура Al-Anbiya","Sure Al-Anbiya","ซูเราะห์ Al-Anbiya","Sure Al-Anbiya","سورہ Al-Anbiya","苏拉 Al-Anbiya","Surah Al-Anbiya","Sura Al-Anbiya","Sura Al-Anbiya","Surah Al-Hajj"
"سورة Al-Ma'idah","Surah At-Tawbah","সূরা Al-Hajj","سوره Al-Hajj","Sourate Al-Hajj","Surah Al-Hajj","Sura Al-Hajj","Soera Al-Hajj","Surata Al-Hajj","Сура Al-Hajj","Sure Al-Hajj","ซูเราะห์ Al-Hajj","Sure Al-Hajj","سورہ Al-Hajj","苏拉 Al-Hajj","Surah Al-Hajj","Sura Al-Hajj","Sura Al-Hajj","Surah Al-Mu'minun"
"سورة Al-An'am","Surah Yunus","সূরা Al-Mu'minun","سوره Al-Mu'minun","Sourate Al-Mu'minun","Surah Al-Mu'minun","Sura Al-Mu'minun","Soera Al-Mu'minun","Surata Al-Mu'minun","Сура Al-Mu'minun","Sure Al-Mu'minun","ซูเราะห์ Al-Mu'minun","Sure Al-Mu'minun","سورہ Al-Mu'minun","苏拉 Al-Mu'minun","Surah Al-Mu'minun","Sura Al-Mu'minun","Sura Al-Mu'minun","Surah An-Nur"
"سورة Al-A'raf","Surah Hud","সূরা An-Nur","سوره An-Nur","Sourate An-Nur","Surah An-Nur","Sura An-Nur","Soera An-Nur","Surata An-Nur","Сура An-Nur","Sure An-Nur","ซูเราะห์ An-Nur","Sure An-Nur","سورہ An-Nur","苏拉 An-Nur","Surah An-Nur","Sura An-Nur","Sura An-Nur","Surah Al-Furqan"
"سورة Al-Anfal","Surah Yusuf","সূরা Al-Furqan","سوره Al-Furqan","Sourate Al-Furqan","Surah Al-Furqan","Sura Al-Furqan","Soera Al-Furqan","Surata Al-Furqan","Сура Al-Furqan","Sure Al-Furqan","ซูเราะห์ Al-Furqan","Sure Al-Furqan","سورہ Al-Furqan","苏拉 Al-Furqan","Surah Al-Furqan","Sura Al-Furqan","Sura Al-Furqan","Surah Ash-Shu'ara"
"سورة At-Tawbah","Surah Ar-Ra'd","সূরা Ash-Shu'ara","سوره Ash-Shu'ara","Sourate Ash-Shu'ara","Surah Ash-Shu'ara","Sura Ash-Shu'ara","Soera Ash-Shu'ara","Surata Ash-Shu'ara","Сура Ash-Shu'ara","Sure Ash-Shu'ara","ซูเราะห์ Ash-Shu'ara","Sure Ash-Shu'ara","سورہ Ash-Shu'ara","苏拉 Ash-Shu'ara","Surah Ash-Shu'ara","Sura Ash-Shu'ara","Sura Ash-Shu'ara","Surah An-Naml"
"سورة Yunus","Surah Ibrahim","সূরা An-Naml","سوره An-Naml","Sourate An-Naml","Surah An-Naml","Sura An-Naml","Soera An-Naml","Surata An-Naml","Сура An-Naml","Sure An-Naml","ซูเราะห์ An-Naml","Sure An-Naml","سورہ An-Naml","苏拉 An-Naml","Surah An-Naml","Sura An-Naml","Sura An-Naml","Surah Al-Qasas"
"سورة Hud","Surah Al-Hijr","সূরা Al-Qasas","سوره Al-Qasas","Sourate Al-Qasas","Surah Al-Qasas","Sura Al-Qasas","Soera Al-Qasas","Surata Al-Qasas","Сура Al-Qasas","Sure Al-Qasas","ซูเราะห์ Al-Qasas","Sure Al-Qasas","سورہ Al-Qasas","苏拉 Al-Qasas","Surah Al-Qasas","Sura Al-Qasas","Sura Al-Qasas","Surah Al-'Ankabut"
"سورة Yusuf","Surah An-Nahl","সূরা Al-'Ankabut","سوره Al-'Ankabut","Sourate Al-'Ankabut","Surah Al-'Ankabut","Sura Al-'Ankabut","Soera Al-'Ankabut","Surata Al-'Ankabut","Сура Al-'Ankabut","Sure Al-'Ankabut","ซูเราะห์ Al-'Ankabut","Sure Al-'Ankabut","سورہ Al-'Ankabut","苏拉 Al-'Ankabut","Surah Al-'Ankabut","Sura Al-'Ankabut","Sura Al-'Ankabut","Surah Ar-Rum"
"سورة Ar-Ra'd","Surah Al-Isra","সূরা Ar-Rum","سوره Ar-Rum","Sourate Ar-Rum","Surah Ar-Rum","Sura Ar-Rum","Soera Ar-Rum","Surata Ar-Rum","Сура Ar-Rum","Sure Ar-Rum","ซูเราะห์ Ar-Rum","Sure Ar-Rum","سورہ Ar-Rum","苏拉 Ar-Rum","Surah Ar-Rum","Sura Ar-Rum","Sura Ar-Rum","Surah Luqman"
"سورة Ibrahim","Surah Al-Kahf","সূরা Luqman","سوره Luqman","Sourate Luqman","Surah Luqman","Sura Luqman","Soera Luqman","Surata Luqman","Сура Luqman","Sure Luqman","ซูเราะห์ Luqman","Sure Luqman","سورہ Luqman","苏拉 Luqman","Surah Luqman","Sura Luqman","Sura Luqman","Surah As-Sajdah"
"سورة Al-Hijr","Surah Maryam","সূরা As-Sajdah","سوره As-Sajdah","Sourate As-Sajdah","Surah As-Sajdah","Sura As-Sajdah","Soera As-Sajdah","Surata As-Sajdah","Сура As-Sajdah","Sure As-Sajdah","ซูเราะห์ As-Sajdah","Sure As-Sajdah","سورہ As-Sajdah","苏拉 As-Sajdah","Surah As-Sajdah","Sura As-Sajdah","Sura As-Sajdah","Surah Al-Ahzab"
"سورة An-Nahl","Surah Ta-Ha","সূরা Al-Ahzab","سوره Al-Ahzab","Sourate Al-Ahzab","Surah Al-Ahzab","Sura Al-Ahzab","Soera Al-Ahzab","Surata Al-Ahzab","Сура Al-Ahzab","Sure Al-Ahzab","ซูเราะห์ Al-Ahzab","Sure Al-Ahzab","سورہ Al-Ahzab","苏拉 Al-Ahzab","Surah Al-Ahzab","Sura Al-Ahzab","Sura Al-Ahzab","Surah Saba"
"سورة Al-Isra","Surah Al-Anbiya","সূরা Saba","سوره Saba","Sourate Saba","Surah Saba","Sura Saba","Soera Saba","Surata Saba","Сура Saba","Sure Saba","ซูเราะห์ Saba","Sure Saba","سورہ Saba","苏拉 Saba","Surah Saba","Sura Saba","Sura Saba","Surah Fatir"
"سورة Al-Kahf","Surah Al-Hajj","সূরা Fatir","سوره Fatir","Sourate Fatir","Surah Fatir","Sura Fatir","Soera Fatir","Surata Fatir","Сура Fatir","Sure Fatir","ซูเราะห์ Fatir","Sure Fatir","سورہ Fatir","苏拉 Fatir","Surah Fatir","Sura Fatir","Sura Fatir","Surah Ya-Sin"
"سورة Maryam","Surah Al-Mu'minun","সূরা Ya-Sin","سوره Ya-Sin","Sourate Ya-Sin","Surah Ya-Sin","Sura Ya-Sin","Soera Ya-Sin","Surata Ya-Sin","Сура Ya-Sin","Sure Ya-Sin","ซูเราะห์ Ya-Sin","Sure Ya-Sin","سورہ Ya-Sin","苏拉 Ya-Sin","Surah Ya-Sin","Sura Ya-Sin","Sura Ya-Sin","Surah As-Saffat"
"سورة Ta-Ha","Surah An-Nur","সূরা As-Saffat","سوره As-Saffat","Sourate As-Saffat","Surah As-Saffat","Sura As-Saffat","Soera As-Saffat","Surata As-Saffat","Сура As-Saffat","Sure As-Saffat","ซูเราะห์ As-Saffat","Sure As-Saffat","سورہ As-Saffat","苏拉 As-Saffat","Surah As-Saffat","Sura As-Saffat","Sura As-Saffat","Surah Sad"
"سورة Al-Anbiya","Surah Al-Furqan","সূরা Sad","سوره Sad","Sourate Sad","Surah Sad","Sura Sad","Soera Sad","Surata Sad","Сура Sad","Sure Sad","ซูเราะห์ Sad","Sure Sad","سورہ Sad","苏拉 Sad","Surah Sad","Sura Sad","Sura Sad","Surah Az-Zumar"
"سورة Al-Hajj","Surah Ash-Shu'ara","সূরা Az-Zumar","سوره Az-Zumar","Sourate Az-Zumar","Surah Az-Zumar","Sura Az-Zumar","Soera Az-Zumar","Surata Az-Zumar","Сура Az-Zumar","Sure Az-Zumar","ซูเราะห์ Az-Zumar","Sure Az-Zumar","سورہ Az-Zumar","苏拉 Az-Zumar","Surah Az-Zumar","Sura Az-Zumar","Sura Az-Zumar","Surah Ghafir"
"سورة Al-Mu'minun","Surah An-Naml","সূরা Ghafir","سوره Ghafir","Sourate Ghafir","Surah Ghafir","Sura Ghafir","Soera Ghafir","Surata Ghafir","Сура Ghafir","Sure Ghafir","ซูเราะห์ Ghafir","Sure Ghafir","سورہ Ghafir","苏拉 Ghafir","Surah Ghafir","Sura Ghafir","Sura Ghafir","Surah Fussilat"
"سورة An-Nur","Surah Al-Qasas","সূরা Fussilat","سوره Fussilat","Sourate Fussilat","Surah Fussilat","Sura Fussilat","Soera Fussilat","Surata Fussilat","Сура Fussilat","Sure Fussilat","ซูเราะห์ Fussilat","Sure Fussilat","سورہ Fussilat","苏拉 Fussilat","Surah Fussilat","Sura Fussilat","Sura Fussilat","Surah Ash-Shura"
"سورة Al-Furqan","Surah Al-'Ankabut","সূরা Ash-Shura","سوره Ash-Shura","Sourate Ash-Shura","Surah Ash-Shura","Sura Ash-Shura","Soera Ash-Shura","Surata Ash-Shura","Сура Ash-Shura","Sure Ash-Shura","ซูเราะห์ Ash-Shura","Sure Ash-Shura","سورہ Ash-Shura","苏拉 Ash-Shura","Surah Ash-Shura","Sura Ash-Shura","Sura Ash-Shura","Surah Az-Zukhruf"
"سورة Ash-Shu'ara","Surah Ar-Rum","সূরা Az-Zukhruf","سوره Az-Zukhruf","Sourate Az-Zukhruf","Surah Az-Zukhruf","Sura Az-Zukhruf","Soera Az-Zukhruf","Surata Az-Zukhruf","Сура Az-Zukhruf","Sure Az-Zukhruf","ซูเราะห์ Az-Zukhruf","Sure Az-Zukhruf","سورہ Az-Zukhruf","苏拉 Az-Zukhruf","Surah Az-Zukhruf","Sura Az-Zukhruf","Sura Az-Zukhruf","Surah Ad-Dukhan"
"سورة An-Naml","Surah Luqman","সূরা Ad-Dukhan","سوره Ad-Dukhan","Sourate Ad-Dukhan","Surah Ad-Dukhan","Sura Ad-Dukhan","Soera Ad-Dukhan","Surata Ad-Dukhan","Сура Ad-Dukhan","Sure Ad-Dukhan","ซูเราะห์ Ad-Dukhan","Sure Ad-Dukhan","سورہ Ad-Dukhan","苏拉 Ad-Dukhan","Surah Ad-Dukhan","Sura Ad-Dukhan","Sura Ad-Dukhan","Surah Al-Jathiyah"
"سورة Al-Qasas","Surah As-Sajdah","সূরা Al-Jathiyah","سوره Al-Jathiyah","Sourate Al-Jathiyah","Surah Al-Jathiyah","Sura Al-Jathiyah","Soera Al-Jathiyah","Surata Al-Jathiyah","Сура Al-Jathiyah","Sure Al-Jathiyah","ซูเราะห์ Al-Jathiyah","Sure Al-Jathiyah","سورہ Al-Jathiyah","苏拉 Al-Jathiyah","Surah Al-Jathiyah","Sura Al-Jathiyah","Sura Al-Jathiyah","Surah Al-Ahqaf"
"سورة Al-'Ankabut","Surah Al-Ahzab","সূরা Al-Ahqaf","سوره Al-Ahqaf","Sourate Al-Ahqaf","Surah Al-Ahqaf","Sura Al-Ahqaf","Soera Al-Ahqaf","Surata Al-Ahqaf","Сура Al-Ahqaf","Sure Al-Ahqaf","ซูเราะห์ Al-Ahqaf","Sure Al-Ahqaf","سورہ Al-Ahqaf","苏拉 Al-Ahqaf","Surah Al-Ahqaf","Sura Al-Ahqaf","Sura Al-Ahqaf","Surah Muhammad"
"سورة Ar-Rum","Surah Saba","সূরা Muhammad","سوره Muhammad","Sourate Muhammad","Surah Muhammad","Sura Muhammad","Soera Muhammad","Surata Muhammad","Сура Muhammad","Sure Muhammad","ซูเราะห์ Muhammad","Sure Muhammad","سورہ Muhammad","苏拉 Muhammad","Surah Muhammad","Sura Muhammad","Sura Muhammad","Surah Al-Fath"
"سورة Luqman","Surah Fatir","সূরা Al-Fath","سوره Al-Fath","Sourate Al-Fath","Surah Al-Fath","Sura Al-Fath","Soera Al-Fath","Surata Al-Fath","Сура Al-Fath","Sure Al-Fath","ซูเราะห์ Al-Fath","Sure Al-Fath","سورہ Al-Fath","苏拉 Al-Fath","Surah Al-Fath","Sura Al-Fath","Sura Al-Fath","Surah Al-Hujurat"
"سورة As-Sajdah","Surah Ya-Sin","সূরা Al-Hujurat","سوره Al-Hujurat","Sourate Al-Hujurat","Surah Al-Hujurat","Sura Al-Hujurat","Soera Al-Hujurat","Surata Al-Hujurat","Сура Al-Hujurat","Sure Al-Hujurat","ซูเราะห์ Al-Hujurat","Sure Al-Hujurat","سورہ Al-Hujurat","苏拉 Al-Hujurat","Surah Al-Hujurat","Sura Al-Hujurat","Sura Al-Hujurat","Surah Qaf"
"سورة Al-Ahzab","Surah As-Saffat","সূরা Qaf","سوره Qaf","Sourate Qaf","Surah Qaf","Sura Qaf","Soera Qaf","Surata Qaf","Сура Qaf","Sure Qaf","ซูเราะห์ Qaf","Sure Qaf","سورہ Qaf","苏拉 Qaf","Surah Qaf","Sura Qaf","Sura Qaf","Surah Ad-Zariyat"
"سورة Saba","Surah Sad","সূরা Ad-Zariyat","سوره Ad-Zariyat","Sourate Ad-Zariyat","Surah Ad-Zariyat","Sura Ad-Zariyat","Soera Ad-Zariyat","Surata Ad-Zariyat","Сура Ad-Zariyat","Sure Ad-Zariyat","ซูเราะห์ Ad-Zariyat","Sure Ad-Zariyat","سورہ Ad-Zariyat","苏拉 Ad-Zariyat","Surah Ad-Zariyat","Sura Ad-Zariyat","Sura Ad-Zariyat","Surah At-Tur"
"سورة Fatir","Surah Az-Zumar","সূরা At-Tur","سوره At-Tur","Sourate At-Tur","Surah At-Tur","Sura At-Tur","Soera At-Tur","Surata At-Tur","Сура At-Tur","Sure At-Tur","ซูเราะห์ At-Tur","Sure At-Tur","سورہ At-Tur","苏拉 At-Tur","Surah At-Tur","Sura At-Tur","Sura At-Tur","Surah An-Najm"
"سورة Ya-Sin","Surah Ghafir","সূরা An-Najm","سوره An-Najm","Sourate An-Najm","Surah An-Najm","Sura An-Najm","Soera An-Najm","Surata An-Najm","Сура An-Najm","Sure An-Najm","ซูเราะห์ An-Najm","Sure An-Najm","سورہ An-Najm","苏拉 An-Najm","Surah An-Najm","Sura An-Najm","Sura An-Najm","Surah Al-Qamar"
"سورة As-Saffat","Surah Fussilat","সূরা Al-Qamar","سوره Al-Qamar","Sourate Al-Qamar","Surah Al-Qamar","Sura Al-Qamar","Soera Al-Qamar","Surata Al-Qamar","Сура Al-Qamar","Sure Al-Qamar","ซูเราะห์ Al-Qamar","Sure Al-Qamar","سورہ Al-Qamar","苏拉 Al-Qamar","Surah Al-Qamar","Sura Al-Qamar","Sura Al-Qamar","Surah Ar-Rahman"
"سورة Sad","Surah Ash-Shura","সূরা Ar-Rahman","سوره Ar-Rahman","Sourate Ar-Rahman","Surah Ar-Rahman","Sura Ar-Rahman","Soera Ar-Rahman","Surata Ar-Rahman","Сура Ar-Rahman","Sure Ar-Rahman","ซูเราะห์ Ar-Rahman","Sure Ar-Rahman","سورہ Ar-Rahman","苏拉 Ar-Rahman","Surah Ar-Rahman","Sura Ar-Rahman","Sura Ar-Rahman","Surah Al-Waqi'ah"
"سورة Az-Zumar","Surah Az-Zukhruf","সূরা Al-Waqi'ah","سوره Al-Waqi'ah","Sourate Al-Waqi'ah","Surah Al-Waqi'ah","Sura Al-Waqi'ah","Soera Al-Waqi'ah","Surata Al-Waqi'ah","Сура Al-Waqi'ah","Sure Al-Waqi'ah","ซูเราะห์ Al-Waqi'ah","Sure Al-Waqi'ah","سورہ Al-Waqi'ah","苏拉 Al-Waqi'ah","Surah Al-Waqi'ah","Sura Al-Waqi'ah","Sura Al-Waqi'ah","Surah Al-Hadid"
"سورة Ghafir","Surah Ad-Dukhan","সূরা Al-Hadid","سوره Al-Hadid","Sourate Al-Hadid","Surah Al-Hadid","Sura Al-Hadid","Soera Al-Hadid","Surata Al-Hadid","Сура Al-Hadid","Sure Al-Hadid","ซูเราะห์ Al-Hadid","Sure Al-Hadid","سورہ Al-Hadid","苏拉 Al-Hadid","Surah Al-Hadid","Sura Al-Hadid","Sura Al-Hadid","Surah Al-Mujadila"
"سورة Fussilat","Surah Al-Jathiyah","সূরা Al-Mujadila","سوره Al-Mujadila","Sourate Al-Mujadila","Surah Al-Mujadila","Sura Al-Mujadila","Soera Al-Mujadila","Surata Al-Mujadila","Сура Al-Mujadila","Sure Al-Mujadila","ซูเราะห์ Al-Mujadila","Sure Al-Mujadila","سورہ Al-Mujadila","苏拉 Al-Mujadila","Surah Al-Mujadila","Sura Al-Mujadila","Sura Al-Mujadila","Surah Al-Hashr"
"سورة Ash-Shura","Surah Al-Ahqaf","সূরা Al-Hashr","سوره Al-Hashr","Sourate Al-Hashr","Surah Al-Hashr","Sura Al-Hashr","Soera Al-Hashr","Surata Al-Hashr","Сура Al-Hashr","Sure Al-Hashr","ซูเราะห์ Al-Hashr","Sure Al-Hashr","سورہ Al-Hashr","苏拉 Al-Hashr","Surah Al-Hashr","Sura Al-Hashr","Sura Al-Hashr","Surah Al-Mumtahanah"
"سورة Az-Zukhruf","Surah Muhammad","সূরা Al-Mumtahanah","سوره Al-Mumtahanah","Sourate Al-Mumtahanah","Surah Al-Mumtahanah","Sura Al-Mumtahanah","Soera Al-Mumtahanah","Surata Al-Mumtahanah","Сура Al-Mumtahanah","Sure Al-Mumtahanah","ซูเราะห์ Al-Mumtahanah","Sure Al-Mumtahanah","سورہ Al-Mumtahanah","苏拉 Al-Mumtahanah","Surah Al-Mumtahanah","Sura Al-Mumtahanah","Sura Al-Mumtahanah","Surah As-Saf"
"سورة Ad-Dukhan","Surah Al-Fath","সূরা As-Saf","سوره As-Saf","Sourate As-Saf","Surah As-Saf","Sura As-Saf","Soera As-Saf","Surata As-Saf","Сура As-Saf","Sure As-Saf","ซูเราะห์ As-Saf","Sure As-Saf","سورہ As-Saf","苏拉 As-Saf","Surah As-Saf","Sura As-Saf","Sura As-Saf","Surah Al-Jumu'ah"
"سورة Al-Jathiyah","Surah Al-Hujurat","সূরা Al-Jumu'ah","سوره Al-Jumu'ah","Sourate Al-Jumu'ah","Surah Al-Jumu'ah","Sura Al-Jumu'ah","Soera Al-Jumu'ah","Surata Al-Jumu'ah","Сура Al-Jumu'ah","Sure Al-Jumu'ah","ซูเราะห์ Al-Jumu'ah","Sure Al-Jumu'ah","سورہ Al-Jumu'ah","苏拉 Al-Jumu'ah","Surah Al-Jumu'ah","Sura Al-Jumu'ah","Sura Al-Jumu'ah","Surah Al-Munafiqun"
"سورة Al-Ahqaf","Surah Qaf","সূরা Al-Munafiqun","سوره Al-Munafiqun","Sourate Al-Munafiqun","Surah Al-Munafiqun","Sura Al-Munafiqun","Soera Al-Munafiqun","Surata Al-Munafiqun","Сура Al-Munafiqun","Sure Al-Munafiqun","ซูเราะห์ Al-Munafiqun","Sure Al-Munafiqun","سورہ Al-Munafiqun","苏拉 Al-Munafiqun","Surah Al-Munafiqun","Sura Al-Munafiqun","Sura Al-Munafiqun","Surah At-Taghabun"
"سورة Muhammad","Surah Ad-Zariyat","সূরা At-Taghabun","سوره At-Taghabun","Sourate At-Taghabun","Surah At-Taghabun","Sura At-Taghabun","Soera At-Taghabun","Surata At-Taghabun","Сура At-Taghabun","Sure At-Taghabun","ซูเราะห์ At-Taghabun","Sure At-Taghabun","سورہ At-Taghabun","苏拉 At-Taghabun","Surah At-Taghabun","Sura At-Taghabun","Sura At-Taghabun","Surah At-Talaq"
"سورة Al-Fath","Surah At-Tur","সূরা At-Talaq","سوره At-Talaq","Sourate At-Talaq","Surah At-Talaq","Sura At-Talaq","Soera At-Talaq","Surata At-Talaq","Сура At-Talaq","Sure At-Talaq","ซูเราะห์ At-Talaq","Sure At-Talaq","سورہ At-Talaq","苏拉 At-Talaq","Surah At-Talaq","Sura At-Talaq","Sura At-Talaq","Surah At-Tahrim"
"سورة Al-Hujurat","Surah An-Najm","সূরা At-Tahrim","سوره At-Tahrim","Sourate At-Tahrim","Surah At-Tahrim","Sura At-Tahrim","Soera At-Tahrim","Surata At-Tahrim","Сура At-Tahrim","Sure At-Tahrim","ซูเราะห์ At-Tahrim","Sure At-Tahrim","سورہ At-Tahrim","苏拉 At-Tahrim","Surah At-Tahrim","Sura At-Tahrim","Sura At-Tahrim","Surah Al-Mulk"
"سورة Qaf","Surah Al-Qamar","সূরা Al-Mulk","سوره Al-Mulk","Sourate Al-Mulk","Surah Al-Mulk","Sura Al-Mulk","Soera Al-Mulk","Surata Al-Mulk","Сура Al-Mulk","Sure Al-Mulk","ซูเราะห์ Al-Mulk","Sure Al-Mulk","سورہ Al-Mulk","苏拉 Al-Mulk","Surah Al-Mulk","Sura Al-Mulk","Sura Al-Mulk","Surah Al-Qalam"
"سورة Ad-Zariyat","Surah Ar-Rahman","সূরা Al-Qalam","سوره Al-Qalam","Sourate Al-Qalam","Surah Al-Qalam","Sura Al-Qalam","Soera Al-Qalam","Surata Al-Qalam","Сура Al-Qalam","Sure Al-Qalam","ซูเราะห์ Al-Qalam","Sure Al-Qalam","سورہ Al-Qalam","苏拉 Al-Qalam","Surah Al-Qalam","Sura Al-Qalam","Sura Al-Qalam","Surah Al-Haqqah"
"سورة At-Tur","Surah Al-Waqi'ah","সূরা Al-Haqqah","سوره Al-Haqqah","Sourate Al-Haqqah","Surah Al-Haqqah","Sura Al-Haqqah","Soera Al-Haqqah","Surata Al-Haqqah","Сура Al-Haqqah","Sure Al-Haqqah","ซูเราะห์ Al-Haqqah","Sure Al-Haqqah","سورہ Al-Haqqah","苏拉 Al-Haqqah","Surah Al-Haqqah","Sura Al-Haqqah","Sura Al-Haqqah","Surah Al-Ma'arij"
"سورة An-Najm","Surah Al-Hadid","সূরা Al-Ma'arij","سوره Al-Ma'arij","Sourate Al-Ma'arij","Surah Al-Ma'arij","Sura Al-Ma'arij","Soera Al-Ma'arij","Surata Al-Ma'arij","Сура Al-Ma'arij","Sure Al-Ma'arij","ซูเราะห์ Al-Ma'arij","Sure Al-Ma'arij","سورہ Al-Ma'arij","苏拉 Al-Ma'arij","Surah Al-Ma'arij","Sura Al-Ma'arij","Sura Al-Ma'arij","Surah Nuh"
"سورة Al-Qamar","Surah Al-Mujadila","সূরা Nuh","سوره Nuh","Sourate Nuh","Surah Nuh","Sura Nuh","Soera Nuh","Surata Nuh","Сура Nuh","Sure Nuh","ซูเราะห์ Nuh","Sure Nuh","سورہ Nuh","苏拉 Nuh","Surah Nuh","Sura Nuh","Sura Nuh","Surah Al-Jinn"
"سورة Ar-Rahman","Surah Al-Hashr","সূরা Al-Jinn","سوره Al-Jinn","Sourate Al-Jinn","Surah Al-Jinn","Sura Al-Jinn","Soera Al-Jinn","Surata Al-Jinn","Сура Al-Jinn","Sure Al-Jinn","ซูเราะห์ Al-Jinn","Sure Al-Jinn","سورہ Al-Jinn","苏拉 Al-Jinn","Surah Al-Jinn","Sura Al-Jinn","Sura Al-Jinn","Surah Al-Muzzammil"
"سورة Al-Waqi'ah","Surah Al-Mumtahanah","সূরা Al-Muzzammil","سوره Al-Muzzammil","Sourate Al-Muzzammil","Surah Al-Muzzammil","Sura Al-Muzzammil","Soera Al-Muzzammil","Surata Al-Muzzammil","Сура Al-Muzzammil","Sure Al-Muzzammil","ซูเราะห์ Al-Muzzammil","Sure Al-Muzzammil","سورہ Al-Muzzammil","苏拉 Al-Muzzammil","Surah Al-Muzzammil","Sura Al-Muzzammil","Sura Al-Muzzammil","Surah Al-Muddaththir"
"سورة Al-Hadid","Surah As-Saf","সূরা Al-Muddaththir","سوره Al-Muddaththir","Sourate Al-Muddaththir","Surah Al-Muddaththir","Sura Al-Muddaththir","Soera Al-Muddaththir","Surata Al-Muddaththir","Сура Al-Muddaththir","Sure Al-Muddaththir","ซูเราะห์ Al-Muddaththir","Sure Al-Muddaththir","سورہ Al-Muddaththir","苏拉 Al-Muddaththir","Surah Al-Muddaththir","Sura Al-Muddaththir","Sura Al-Muddaththir","Surah Al-Qiyamah"
"سورة Al-Mujadila","Surah Al-Jumu'ah","সূরা Al-Qiyamah","سوره Al-Qiyamah","Sourate Al-Qiyamah","Surah Al-Qiyamah","Sura Al-Qiyamah","Soera Al-Qiyamah","Surata Al-Qiyamah","Сура Al-Qiyamah","Sure Al-Qiyamah","ซูเราะห์ Al-Qiyamah","Sure Al-Qiyamah","سورہ Al-Qiyamah","苏拉 Al-Qiyamah","Surah Al-Qiyamah","Sura Al-Qiyamah","Sura Al-Qiyamah","Surah Al-Insan"
"سورة Al-Hashr","Surah Al-Munafiqun","সূরা Al-Insan","سوره Al-Insan","Sourate Al-Insan","Surah Al-Insan","Sura Al-Insan","Soera Al-Insan","Surata Al-Insan","Сура Al-Insan","Sure Al-Insan","ซูเราะห์ Al-Insan","Sure Al-Insan","سورہ Al-Insan","苏拉 Al-Insan","Surah Al-Insan","Sura Al-Insan","Sura Al-Insan","Surah Al-Mursalat"
"سورة Al-Mumtahanah","Surah At-Taghabun","সূরা Al-Mursalat","سوره Al-Mursalat","Sourate Al-Mursalat","Surah Al-Mursalat","Sura Al-Mursalat","Soera Al-Mursalat","Surata Al-Mursalat","Сура Al-Mursalat","Sure Al-Mursalat","ซูเราะห์ Al-Mursalat","Sure Al-Mursalat","سورہ Al-Mursalat","苏拉 Al-Mursalat","Surah Al-Mursalat","Sura Al-Mursalat","Sura Al-Mursalat","Surah An-Naba"
"سورة As-Saf","Surah At-Talaq","সূরা An-Naba","سوره An-Naba","Sourate An-Naba","Surah An-Naba","Sura An-Naba","Soera An-Naba","Surata An-Naba","Сура An-Naba","Sure An-Naba","ซูเราะห์ An-Naba","Sure An-Naba","سورہ An-Naba","苏拉 An-Naba","Surah An-Naba","Sura An-Naba","Sura An-Naba","Surah An-Nazi'at"
"سورة Al-Jumu'ah","Surah At-Tahrim","সূরা An-Nazi'at","سوره An-Nazi'at","Sourate An-Nazi'at","Surah An-Nazi'at","Sura An-Nazi'at","Soera An-Nazi'at","Surata An-Nazi'at","Сура An-Nazi'at","Sure An-Nazi'at","ซูเราะห์ An-Nazi'at","Sure An-Nazi'at","سورہ An-Nazi'at","苏拉 An-Nazi'at","Surah An-Nazi'at","Sura An-Nazi'at","Sura An-Nazi'at","Surah 'Abasa"
"سورة Al-Munafiqun","Surah Al-Mulk","সূরা 'Abasa","سوره 'Abasa","Sourate 'Abasa","Surah 'Abasa","Sura 'Abasa","Soera 'Abasa","Surata 'Abasa","Сура 'Abasa","Sure 'Abasa","ซูเราะห์ 'Abasa","Sure 'Abasa","سورہ 'Abasa","苏拉 'Abasa","Surah 'Abasa","Sura 'Abasa","Sura 'Abasa","Surah At-Takwir"
"سورة At-Taghabun","Surah Al-Qalam","সূরা At-Takwir","سوره At-Takwir","Sourate At-Takwir","Surah At-Takwir","Sura At-Takwir","Soera At-Takwir","Surata At-Takwir","Сура At-Takwir","Sure At-Takwir","ซูเราะห์ At-Takwir","Sure At-Takwir","سورہ At-Takwir","苏拉 At-Takwir","Surah At-Takwir","Sura At-Takwir","Sura At-Takwir","Surah Al-Infitar"
"سورة At-Talaq","Surah Al-Haqqah","সূরা Al-Infitar","سوره Al-Infitar","Sourate Al-Infitar","Surah Al-Infitar","Sura Al-Infitar","Soera Al-Infitar","Surata Al-Infitar","Сура Al-Infitar","Sure Al-Infitar","ซูเราะห์ Al-Infitar","Sure Al-Infitar","سورہ Al-Infitar","苏拉 Al-Infitar","Surah Al-Infitar","Sura Al-Infitar","Sura Al-Infitar","Surah Al-Mutaffifin"
"سورة At-Tahrim","Surah Al-Ma'arij","সূরা Al-Mutaffifin","سوره Al-Mutaffifin","Sourate Al-Mutaffifin","Surah Al-Mutaffifin","Sura Al-Mutaffifin","Soera Al-Mutaffifin","Surata Al-Mutaffifin","Сура Al-Mutaffifin","Sure Al-Mutaffifin","ซูเราะห์ Al-Mutaffifin","Sure Al-Mutaffifin","سورہ Al-Mutaffifin","苏拉 Al-Mutaffifin","Surah Al-Mutaffifin","Sura Al-Mutaffifin","Sura Al-Mutaffifin","Surah Al-Inshiqaq"
"سورة Al-Mulk","Surah Nuh","সূরা Al-Inshiqaq","سوره Al-Inshiqaq","Sourate Al-Inshiqaq","Surah Al-Inshiqaq","Sura Al-Inshiqaq","Soera Al-Inshiqaq","Surata Al-Inshiqaq","Сура Al-Inshiqaq","Sure Al-Inshiqaq","ซูเราะห์ Al-Inshiqaq","Sure Al-Inshiqaq","سورہ Al-Inshiqaq","苏拉 Al-Inshiqaq","Surah Al-Inshiqaq","Sura Al-Inshiqaq","Sura Al-Inshiqaq","Surah Al-Buruj"
"سورة Al-Qalam","Surah Al-Jinn","সূরা Al-Buruj","سوره Al-Buruj","Sourate Al-Buruj","Surah Al-Buruj","Sura Al-Buruj","Soera Al-Buruj","Surata Al-Buruj","Сура Al-Buruj","Sure Al-Buruj","ซูเราะห์ Al-Buruj","Sure Al-Buruj","سورہ Al-Buruj","苏拉 Al-Buruj","Surah Al-Buruj","Sura Al-Buruj","Sura Al-Buruj","Surah At-Tariq"
"سورة Al-Haqqah","Surah Al-Muzzammil","সূরা At-Tariq","سوره At-Tariq","Sourate At-Tariq","Surah At-Tariq","Sura At-Tariq","Soera At-Tariq","Surata At-Tariq","Сура At-Tariq","Sure At-Tariq","ซูเราะห์ At-Tariq","Sure At-Tariq","سورہ At-Tariq","苏拉 At-Tariq","Surah At-Tariq","Sura At-Tariq","Sura At-Tariq","Surah Al-A'la"
"سورة Al-Ma'arij","Surah Al-Muddaththir","সূরা Al-A'la","سوره Al-A'la","Sourate Al-A'la","Surah Al-A'la","Sura Al-A'la","Soera Al-A'la","Surata Al-A'la","Сура Al-A'la","Sure Al-A'la","ซูเราะห์ Al-A'la","Sure Al-A'la","سورہ Al-A'la","苏拉 Al-A'la","Surah Al-A'la","Sura Al-A'la","Sura Al-A'la","Surah Al-Ghashiyah"
"سورة Nuh","Surah Al-Qiyamah","সূরা Al-Ghashiyah","سوره Al-Ghashiyah","Sourate Al-Ghashiyah","Surah Al-Ghashiyah","Sura Al-Ghashiyah","Soera Al-Ghashiyah","Surata Al-Ghashiyah","Сура Al-Ghashiyah","Sure Al-Ghashiyah","ซูเราะห์ Al-Ghashiyah","Sure Al-Ghashiyah","سورہ Al-Ghashiyah","苏拉 Al-Ghashiyah","Surah Al-Ghashiyah","Sura Al-Ghashiyah","Sura Al-Ghashiyah","Surah Al-Fajr"
"سورة Al-Jinn","Surah Al-Insan","সূরা Al-Fajr","سوره Al-Fajr","Sourate Al-Fajr","Surah Al-Fajr","Sura Al-Fajr","Soera Al-Fajr","Surata Al-Fajr","Сура Al-Fajr","Sure Al-Fajr","ซูเราะห์ Al-Fajr","Sure Al-Fajr","سورہ Al-Fajr","苏拉 Al-Fajr","Surah Al-Fajr","Sura Al-Fajr","Sura Al-Fajr","Surah Al-Balad"
"سورة Al-Muzzammil","Surah Al-Mursalat","সূরা Al-Balad","سوره Al-Balad","Sourate Al-Balad","Surah Al-Balad","Sura Al-Balad","Soera Al-Balad","Surata Al-Balad","Сура Al-Balad","Sure Al-Balad","ซูเราะห์ Al-Balad","Sure Al-Balad","سورہ Al-Balad","苏拉 Al-Balad","Surah Al-Balad","Sura Al-Balad","Sura Al-Balad","Surah Ash-Shams"
"سورة Al-Muddaththir","Surah An-Naba","সূরা Ash-Shams","سوره Ash-Shams","Sourate Ash-Shams","Surah Ash-Shams","Sura Ash-Shams","Soera Ash-Shams","Surata Ash-Shams","Сура Ash-Shams","Sure Ash-Shams","ซูเราะห์ Ash-Shams","Sure Ash-Shams","سورہ Ash-Shams","苏拉 Ash-Shams","Surah Ash-Shams","Sura Ash-Shams","Sura Ash-Shams","Surah Al-Lail"
"سورة Al-Qiyamah","Surah An-Nazi'at","সূরা Al-Lail","سوره Al-Lail","Sourate Al-Lail","Surah Al-Lail","Sura Al-Lail","Soera Al-Lail","Surata Al-Lail","Сура Al-Lail","Sure Al-Lail","ซูเราะห์ Al-Lail","Sure Al-Lail","سورہ Al-Lail","苏拉 Al-Lail","Surah Al-Lail","Sura Al-Lail","Sura Al-Lail","Surah Ad-Duha"
"سورة Al-Insan","Surah 'Abasa","সূরা Ad-Duha","سوره Ad-Duha","Sourate Ad-Duha","Surah Ad-Duha","Sura Ad-Duha","Soera Ad-Duha","Surata Ad-Duha","Сура Ad-Duha","Sure Ad-Duha","ซูเราะห์ Ad-Duha","Sure Ad-Duha","سورہ Ad-Duha","苏拉 Ad-Duha","Surah Ad-Duha","Sura Ad-Duha","Sura Ad-Duha","Surah Ash-Sharh"
"سورة Al-Mursalat","Surah At-Takwir","সূরা Ash-Sharh","سوره Ash-Sharh","Sourate Ash-Sharh","Surah Ash-Sharh","Sura Ash-Sharh","Soera Ash-Sharh","Surata Ash-Sharh","Сура Ash-Sharh","Sure Ash-Sharh","ซูเราะห์ Ash-Sharh","Sure Ash-Sharh","سورہ Ash-Sharh","苏拉 Ash-Sharh","Surah Ash-Sharh","Sura Ash-Sharh","Sura Ash-Sharh","Surah At-Tin"
"سورة An-Naba","Surah Al-Infitar","সূরা At-Tin","سوره At-Tin","Sourate At-Tin","Surah At-Tin","Sura At-Tin","Soera At-Tin","Surata At-Tin","Сура At-Tin","Sure At-Tin","ซูเราะห์ At-Tin","Sure At-Tin","سورہ At-Tin","苏拉 At-Tin","Surah At-Tin","Sura At-Tin","Sura At-Tin","Surah Al-'Alaq"
"سورة An-Nazi'at","Surah Al-Mutaffifin","সূরা Al-'Alaq","سوره Al-'Alaq","Sourate Al-'Alaq","Surah Al-'Alaq","Sura Al-'Alaq","Soera Al-'Alaq","Surata Al-'Alaq","Сура Al-'Alaq","Sure Al-'Alaq","ซูเราะห์ Al-'Alaq","Sure Al-'Alaq","سورہ Al-'Alaq","苏拉 Al-'Alaq","Surah Al-'Alaq","Sura Al-'Alaq","Sura Al-'Alaq","Surah Al-Qadr"
"سورة 'Abasa","Surah Al-Inshiqaq","সূরা Al-Qadr","سوره Al-Qadr","Sourate Al-Qadr","Surah Al-Qadr","Sura Al-Qadr","Soera Al-Qadr","Surata Al-Qadr","Сура Al-Qadr","Sure Al-Qadr","ซูเราะห์ Al-Qadr","Sure Al-Qadr","سورہ Al-Qadr","苏拉 Al-Qadr","Surah Al-Qadr","Sura Al-Qadr","Sura Al-Qadr","Surah Al-Bayyinah"
"سورة At-Takwir","Surah Al-Buruj","সূরা Al-Bayyinah","سوره Al-Bayyinah","Sourate Al-Bayyinah","Surah Al-Bayyinah","Sura Al-Bayyinah","Soera Al-Bayyinah","Surata Al-Bayyinah","Сура Al-Bayyinah","Sure Al-Bayyinah","ซูเราะห์ Al-Bayyinah","Sure Al-Bayyinah","سورہ Al-Bayyinah","苏拉 Al-Bayyinah","Surah Al-Bayyinah","Sura Al-Bayyinah","Sura Al-Bayyinah","Surah Az-Zalzalah"
"سورة Al-Infitar","Surah At-Tariq","সূরা Az-Zalzalah","سوره Az-Zalzalah","Sourate Az-Zalzalah","Surah Az-Zalzalah","Sura Az-Zalzalah","Soera Az-Zalzalah","Surata Az-Zalzalah","Сура Az-Zalzalah","Sure Az-Zalzalah","ซูเราะห์ Az-Zalzalah","Sure Az-Zalzalah","سورہ Az-Zalzalah","苏拉 Az-Zalzalah","Surah Az-Zalzalah","Sura Az-Zalzalah","Sura Az-Zalzalah","Surah Al-'Adiyat"
"سورة Al-Mutaffifin","Surah Al-A'la","সূরা Al-'Adiyat","سوره Al-'Adiyat","Sourate Al-'Adiyat","Surah Al-'Adiyat","Sura Al-'Adiyat","Soera Al-'Adiyat","Surata Al-'Adiyat","Сура Al-'Adiyat","Sure Al-'Adiyat","ซูเราะห์ Al-'Adiyat","Sure Al-'Adiyat","سورہ Al-'Adiyat","苏拉 Al-'Adiyat","Surah Al-'Adiyat","Sura Al-'Adiyat","Sura Al-'Adiyat","Surah Al-Qari'ah"
"سورة Al-Inshiqaq","Surah Al-Ghashiyah","সূরা Al-Qari'ah","سوره Al-Qari'ah","Sourate Al-Qari'ah","Surah Al-Qari'ah","Sura Al-Qari'ah","Soera Al-Qari'ah","Surata Al-Qari'ah","Сура Al-Qari'ah","Sure Al-Qari'ah","ซูเราะห์ Al-Qari'ah","Sure Al-Qari'ah","سورہ Al-Qari'ah","苏拉 Al-Qari'ah","Surah Al-Qari'ah","Sura Al-Qari'ah","Sura Al-Qari'ah","Surah At-Takathur"
"سورة Al-Buruj","Surah Al-Fajr","সূরা At-Takathur","سوره At-Takathur","Sourate At-Takathur","Surah At-Takathur","Sura At-Takathur","Soera At-Takathur","Surata At-Takathur","Сура At-Takathur","Sure At-Takathur","ซูเราะห์ At-Takathur","Sure At-Takathur","سورہ At-Takathur","苏拉 At-Takathur","Surah At-Takathur","Sura At-Takathur","Sura At-Takathur","Surah Al-'Asr"
"سورة At-Tariq","Surah Al-Balad","সূরা Al-'Asr","سوره Al-'Asr","Sourate Al-'Asr","Surah Al-'Asr","Sura Al-'Asr","Soera Al-'Asr","Surata Al-'Asr","Сура Al-'Asr","Sure Al-'Asr","ซูเราะห์ Al-'Asr","Sure Al-'Asr","سورہ Al-'Asr","苏拉 Al-'Asr","Surah Al-'Asr","Sura Al-'Asr","Sura Al-'Asr","Surah Al-Humazah"
"سورة Al-A'la","Surah Ash-Shams","সূরা Al-Humazah","سوره Al-Humazah","Sourate Al-Humazah","Surah Al-Humazah","Sura Al-Humazah","Soera Al-Humazah","Surata Al-Humazah","Сура Al-Humazah","Sure Al-Humazah","ซูเราะห์ Al-Humazah","Sure Al-Humazah","سورہ Al-Humazah","苏拉 Al-Humazah","Surah Al-Humazah","Sura Al-Humazah","Sura Al-Humazah","Surah Al-Fil"
"سورة Al-Ghashiyah","Surah Al-Lail","সূরা Al-Fil","سوره Al-Fil","Sourate Al-Fil","Surah Al-Fil","Sura Al-Fil","Soera Al-Fil","Surata Al-Fil","Сура Al-Fil","Sure Al-Fil","ซูเราะห์ Al-Fil","Sure Al-Fil","سورہ Al-Fil","苏拉 Al-Fil","Surah Al-Fil","Sura Al-Fil","Sura Al-Fil","Surah Quraish"
"سورة Al-Fajr","Surah Ad-Duha","সূরা Quraish","سوره Quraish","Sourate Quraish","Surah Quraish","Sura Quraish","Soera Quraish","Surata Quraish","Сура Quraish","Sure Quraish","ซูเราะห์ Quraish","Sure Quraish","سورہ Quraish","苏拉 Quraish","Surah Quraish","Sura Quraish","Sura Quraish","Surah Al-Ma'un"
"سورة Al-Balad","Surah Ash-Sharh","সূরা Al-Ma'un","سوره Al-Ma'un","Sourate Al-Ma'un","Surah Al-Ma'un","Sura Al-Ma'un","Soera Al-Ma'un","Surata Al-Ma'un","Сура Al-Ma'un","Sure Al-Ma'un","ซูเราะห์ Al-Ma'un","Sure Al-Ma'un","سورہ Al-Ma'un","苏拉 Al-Ma'un","Surah Al-Ma'un","Sura Al-Ma'un","Sura Al-Ma'un","Surah Al-Kauthar"
"سورة Ash-Shams","Surah At-Tin","সূরা Al-Kauthar","سوره Al-Kauthar","Sourate Al-Kauthar","Surah Al-Kauthar","Sura Al-Kauthar","Soera Al-Kauthar","Surata Al-Kauthar","Сура Al-Kauthar","Sure Al-Kauthar","ซูเราะห์ Al-Kauthar","Sure Al-Kauthar","سورہ Al-Kauthar","苏拉 Al-Kauthar","Surah Al-Kauthar","Sura Al-Kauthar","Sura Al-Kauthar","Surah Al-Kafirun"
"سورة Al-Lail","Surah Al-'Alaq","সূরা Al-Kafirun","سوره Al-Kafirun","Sourate Al-Kafirun","Surah Al-Kafirun","Sura Al-Kafirun","Soera Al-Kafirun","Surata Al-Kafirun","Сура Al-Kafirun","Sure Al-Kafirun","ซูเราะห์ Al-Kafirun","Sure Al-Kafirun","سورہ Al-Kafirun","苏拉 Al-Kafirun","Surah Al-Kafirun","Sura Al-Kafirun","Sura Al-Kafirun","Surah An-Nasr"
"سورة Ad-Duha","Surah Al-Qadr","সূরা An-Nasr","سوره An-Nasr","Sourate An-Nasr","Surah An-Nasr","Sura An-Nasr","Soera An-Nasr","Surata An-Nasr","Сура An-Nasr","Sure An-Nasr","ซูเราะห์ An-Nasr","Sure An-Nasr","سورہ An-Nasr","苏拉 An-Nasr","Surah An-Nasr","Sura An-Nasr","Sura An-Nasr","Surah Al-Masad"
"سورة Ash-Sharh","Surah Al-Bayyinah","সূরা Al-Masad","سوره Al-Masad","Sourate Al-Masad","Surah Al-Masad","Sura Al-Masad","Soera Al-Masad","Surata Al-Masad","Сура Al-Masad","Sure Al-Masad","ซูเราะห์ Al-Masad","Sure Al-Masad","سورہ Al-Masad","苏拉 Al-Masad","Surah Al-Masad","Sura Al-Masad","Sura Al-Masad","Surah Al-Ikhlas"
"سورة At-Tin","Surah Az-Zalzalah","সূরা Al-Ikhlas","سوره Al-Ikhlas","Sourate Al-Ikhlas","Surah Al-Ikhlas","Sura Al-Ikhlas","Soera Al-Ikhlas","Surata Al-Ikhlas","Сура Al-Ikhlas","Sure Al-Ikhlas","ซูเราะห์ Al-Ikhlas","Sure Al-Ikhlas","سورہ Al-Ikhlas","苏拉 Al-Ikhlas","Surah Al-Ikhlas","Sura Al-Ikhlas","Sura Al-Ikhlas","Surah Al-Falaq"
"سورة Al-'Alaq","Surah Al-'Adiyat","সূরা Al-Falaq","سوره Al-Falaq","Sourate Al-Falaq","Surah Al-Falaq","Sura Al-Falaq","Soera Al-Falaq","Surata Al-Falaq","Сура Al-Falaq","Sure Al-Falaq","ซูเราะห์ Al-Falaq","Sure Al-Falaq","سورہ Al-Falaq","苏拉 Al-Falaq","Surah Al-Falaq","Sura Al-Falaq","Sura Al-Falaq","Surah An-Nas"
"سورة Al-Qadr","Surah Al-Qari'ah","সূরা An-Nas","سوره An-Nas","Sourate An-Nas","Surah An-Nas","Sura An-Nas","Soera An-Nas","Surata An-Nas","Сура An-Nas","Sure An-Nas","ซูเราะห์ An-Nas","Sure An-Nas","سورہ An-Nas","苏拉 An-Nas","Surah An-Nas","Sura An-Nas","Sura An-Nas","Đọc Surah Al-Fatihah"
"سورة Al-Bayyinah","Surah At-Takathur","পড়ুন সূরা Al-Fatihah","خواندن سوره Al-Fatihah","Lire Sourate Al-Fatihah","Baca Surah Al-Fatihah","Leggi Sura Al-Fatihah","Lees Soera Al-Fatihah","Ler Surata Al-Fatihah","Читать Сура Al-Fatihah","Lexo Sure Al-Fatihah","อ่านซูเราะห์ Al-Fatihah","Oku Sure Al-Fatihah","پڑھیں سورہ Al-Fatihah","读苏拉 Al-Fatihah","Baca Surah Al-Fatihah","Leer Sura Al-Fatihah","Soma Sura Al-Fatihah","Đọc Surah Al-Baqarah"
"سورة Az-Zalzalah","Surah Al-'Asr","পড়ুন সূরা Al-Baqarah","خواندن سوره Al-Baqarah","Lire Sourate Al-Baqarah","Baca Surah Al-Baqarah","Leggi Sura Al-Baqarah","Lees Soera Al-Baqarah","Ler Surata Al-Baqarah","Читать Сура Al-Baqarah","Lexo Sure Al-Baqarah","อ่านซูเราะห์ Al-Baqarah","Oku Sure Al-Baqarah","پڑھیں سورہ Al-Baqarah","读苏拉 Al-Baqarah","Baca Surah Al-Baqarah","Leer Sura Al-Baqarah","Soma Sura Al-Baqarah","Đọc Surah Ali Imran"
"سورة Al-'Adiyat","Surah Al-Humazah","পড়ুন সূরা Ali Imran","خواندن سوره Ali Imran","Lire Sourate Ali Imran","Baca Surah Ali Imran","Leggi Sura Ali Imran","Lees Soera Ali Imran","Ler Surata Ali Imran","Читать Сура Ali Imran","Lexo Sure Ali Imran","อ่านซูเราะห์ Ali Imran","Oku Sure Ali Imran","پڑھیں سورہ Ali Imran","读苏拉 Ali Imran","Baca Surah Ali Imran","Leer Sura Ali Imran","Soma Sura Ali Imran","Đọc Surah An-Nisa"
"سورة Al-Qari'ah","Surah Al-Fil","পড়ুন সূরা An-Nisa","خواندن سوره An-Nisa","Lire Sourate An-Nisa","Baca Surah An-Nisa","Leggi Sura An-Nisa","Lees Soera An-Nisa","Ler Surata An-Nisa","Читать Сура An-Nisa","Lexo Sure An-Nisa","อ่านซูเราะห์ An-Nisa","Oku Sure An-Nisa","پڑھیں سورہ An-Nisa","读苏拉 An-Nisa","Baca Surah An-Nisa","Leer Sura An-Nisa","Soma Sura An-Nisa","Đọc Surah Al-Ma'idah"
"سورة At-Takathur","Surah Quraish","পড়ুন সূরা Al-Ma'idah","خواندن سوره Al-Ma'idah","Lire Sourate Al-Ma'idah","Baca Surah Al-Ma'idah","Leggi Sura Al-Ma'idah","Lees Soera Al-Ma'idah","Ler Surata Al-Ma'idah","Читать Сура Al-Ma'idah","Lexo Sure Al-Ma'idah","อ่านซูเราะห์ Al-Ma'idah","Oku Sure Al-Ma'idah","پڑھیں سورہ Al-Ma'idah","读苏拉 Al-Ma'idah","Baca Surah Al-Ma'idah","Leer Sura Al-Ma'idah","Soma Sura Al-Ma'idah","Đọc Surah Al-An'am"
"سورة Al-'Asr","Surah Al-Ma'un","পড়ুন সূরা Al-An'am","خواندن سوره Al-An'am","Lire Sourate Al-An'am","Baca Surah Al-An'am","Leggi Sura Al-An'am","Lees Soera Al-An'am","Ler Surata Al-An'am","Читать Сура Al-An'am","Lexo Sure Al-An'am","อ่านซูเราะห์ Al-An'am","Oku Sure Al-An'am","پڑھیں سورہ Al-An'am","读苏拉 Al-An'am","Baca Surah Al-An'am","Leer Sura Al-An'am","Soma Sura Al-An'am","Đọc Surah Al-A'raf"
"سورة Al-Humazah","Surah Al-Kauthar","পড়ুন সূরা Al-A'raf","خواندن سوره Al-A'raf","Lire Sourate Al-A'raf","Baca Surah Al-A'raf","Leggi Sura Al-A'raf","Lees Soera Al-A'raf","Ler Surata Al-A'raf","Читать Сура Al-A'raf","Lexo Sure Al-A'raf","อ่านซูเราะห์ Al-A'raf","Oku Sure Al-A'raf","پڑھیں سورہ Al-A'raf","读苏拉 Al-A'raf","Baca Surah Al-A'raf","Leer Sura Al-A'raf","Soma Sura Al-A'raf","Đọc Surah Al-Anfal"
"سورة Al-Fil","Surah Al-Kafirun","পড়ুন সূরা Al-Anfal","خواندن سوره Al-Anfal","Lire Sourate Al-Anfal","Baca Surah Al-Anfal","Leggi Sura Al-Anfal","Lees Soera Al-Anfal","Ler Surata Al-Anfal","Читать Сура Al-Anfal","Lexo Sure Al-Anfal","อ่านซูเราะห์ Al-Anfal","Oku Sure Al-Anfal","پڑھیں سورہ Al-Anfal","读苏拉 Al-Anfal","Baca Surah Al-Anfal","Leer Sura Al-Anfal","Soma Sura Al-Anfal","Đọc Surah At-Tawbah"
"سورة Quraish","Surah An-Nasr","পড়ুন সূরা At-Tawbah","خواندن سوره At-Tawbah","Lire Sourate At-Tawbah","Baca Surah At-Tawbah","Leggi Sura At-Tawbah","Lees Soera At-Tawbah","Ler Surata At-Tawbah","Читать Сура At-Tawbah","Lexo Sure At-Tawbah","อ่านซูเราะห์ At-Tawbah","Oku Sure At-Tawbah","پڑھیں سورہ At-Tawbah","读苏拉 At-Tawbah","Baca Surah At-Tawbah","Leer Sura At-Tawbah","Soma Sura At-Tawbah","Đọc Surah Yunus"
"سورة Al-Ma'un","Surah Al-Masad","পড়ুন সূরা Yunus","خواندن سوره Yunus","Lire Sourate Yunus","Baca Surah Yunus","Leggi Sura Yunus","Lees Soera Yunus","Ler Surata Yunus","Читать Сура Yunus","Lexo Sure Yunus","อ่านซูเราะห์ Yunus","Oku Sure Yunus","پڑھیں سورہ Yunus","读苏拉 Yunus","Baca Surah Yunus","Leer Sura Yunus","Soma Sura Yunus","Đọc Surah Hud"
"سورة Al-Kauthar","Surah Al-Ikhlas","পড়ুন সূরা Hud","خواندن سوره Hud","Lire Sourate Hud","Baca Surah Hud","Leggi Sura Hud","Lees Soera Hud","Ler Surata Hud","Читать Сура Hud","Lexo Sure Hud","อ่านซูเราะห์ Hud","Oku Sure Hud","پڑھیں سورہ Hud","读苏拉 Hud","Baca Surah Hud","Leer Sura Hud","Soma Sura Hud","Đọc Surah Yusuf"
"سورة Al-Kafirun","Surah Al-Falaq","পড়ুন সূরা Yusuf","خواندن سوره Yusuf","Lire Sourate Yusuf","Baca Surah Yusuf","Leggi Sura Yusuf","Lees Soera Yusuf","Ler Surata Yusuf","Читать Сура Yusuf","Lexo Sure Yusuf","อ่านซูเราะห์ Yusuf","Oku Sure Yusuf","پڑھیں سورہ Yusuf","读苏拉 Yusuf","Baca Surah Yusuf","Leer Sura Yusuf","Soma Sura Yusuf","Đọc Surah Ar-Ra'd"
"سورة An-Nasr","Surah An-Nas","পড়ুন সূরা Ar-Ra'd","خواندن سوره Ar-Ra'd","Lire Sourate Ar-Ra'd","Baca Surah Ar-Ra'd","Leggi Sura Ar-Ra'd","Lees Soera Ar-Ra'd","Ler Surata Ar-Ra'd","Читать Сура Ar-Ra'd","Lexo Sure Ar-Ra'd","อ่านซูเราะห์ Ar-Ra'd","Oku Sure Ar-Ra'd","پڑھیں سورہ Ar-Ra'd","读苏拉 Ar-Ra'd","Baca Surah Ar-Ra'd","Leer Sura Ar-Ra'd","Soma Sura Ar-Ra'd","Đọc Surah Ibrahim"
"سورة Al-Masad","Read Surah Al-Fatihah","পড়ুন সূরা Ibrahim","خواندن سوره Ibrahim","Lire Sourate Ibrahim","Baca Surah Ibrahim","Leggi Sura Ibrahim","Lees Soera Ibrahim","Ler Surata Ibrahim","Читать Сура Ibrahim","Lexo Sure Ibrahim","อ่านซูเราะห์ Ibrahim","Oku Sure Ibrahim","پڑھیں سورہ Ibrahim","读苏拉 Ibrahim","Baca Surah Ibrahim","Leer Sura Ibrahim","Soma Sura Ibrahim","Đọc Surah Al-Hijr"
"سورة Al-Ikhlas","Read Surah Al-Baqarah","পড়ুন সূরা Al-Hijr","خواندن سوره Al-Hijr","Lire Sourate Al-Hijr","Baca Surah Al-Hijr","Leggi Sura Al-Hijr","Lees Soera Al-Hijr","Ler Surata Al-Hijr","Читать Сура Al-Hijr","Lexo Sure Al-Hijr","อ่านซูเราะห์ Al-Hijr","Oku Sure Al-Hijr","پڑھیں سورہ Al-Hijr","读苏拉 Al-Hijr","Baca Surah Al-Hijr","Leer Sura Al-Hijr","Soma Sura Al-Hijr","Đọc Surah An-Nahl"
"سورة Al-Falaq","Read Surah Ali Imran","পড়ুন সূরা An-Nahl","خواندن سوره An-Nahl","Lire Sourate An-Nahl","Baca Surah An-Nahl","Leggi Sura An-Nahl","Lees Soera An-Nahl","Ler Surata An-Nahl","Читать Сура An-Nahl","Lexo Sure An-Nahl","อ่านซูเราะห์ An-Nahl","Oku Sure An-Nahl","پڑھیں سورہ An-Nahl","读苏拉 An-Nahl","Baca Surah An-Nahl","Leer Sura An-Nahl","Soma Sura An-Nahl","Đọc Surah Al-Isra"
"سورة An-Nas","Read Surah An-Nisa","পড়ুন সূরা Al-Isra","خواندن سوره Al-Isra","Lire Sourate Al-Isra","Baca Surah Al-Isra","Leggi Sura Al-Isra","Lees Soera Al-Isra","Ler Surata Al-Isra","Читать Сура Al-Isra","Lexo Sure Al-Isra","อ่านซูเราะห์ Al-Isra","Oku Sure Al-Isra","پڑھیں سورہ Al-Isra","读苏拉 Al-Isra","Baca Surah Al-Isra","Leer Sura Al-Isra","Soma Sura Al-Isra","Đọc Surah Al-Kahf"
"اقرأ سورة Al-Fatihah","Read Surah Al-Ma'idah","পড়ুন সূরা Al-Kahf","خواندن سوره Al-Kahf","Lire Sourate Al-Kahf","Baca Surah Al-Kahf","Leggi Sura Al-Kahf","Lees Soera Al-Kahf","Ler Surata Al-Kahf","Читать Сура Al-Kahf","Lexo Sure Al-Kahf","อ่านซูเราะห์ Al-Kahf","Oku Sure Al-Kahf","پڑھیں سورہ Al-Kahf","读苏拉 Al-Kahf","Baca Surah Al-Kahf","Leer Sura Al-Kahf","Soma Sura Al-Kahf","Đọc Surah Maryam"
"اقرأ سورة Al-Baqarah","Read Surah Al-An'am","পড়ুন সূরা Maryam","خواندن سوره Maryam","Lire Sourate Maryam","Baca Surah Maryam","Leggi Sura Maryam","Lees Soera Maryam","Ler Surata Maryam","Читать Сура Maryam","Lexo Sure Maryam","อ่านซูเราะห์ Maryam","Oku Sure Maryam","پڑھیں سورہ Maryam","读苏拉 Maryam","Baca Surah Maryam","Leer Sura Maryam","Soma Sura Maryam","Đọc Surah Ta-Ha"
"اقرأ سورة Ali Imran","Read Surah Al-A'raf","পড়ুন সূরা Ta-Ha","خواندن سوره Ta-Ha","Lire Sourate Ta-Ha","Baca Surah Ta-Ha","Leggi Sura Ta-Ha","Lees Soera Ta-Ha","Ler Surata Ta-Ha","Читать Сура Ta-Ha","Lexo Sure Ta-Ha","อ่านซูเราะห์ Ta-Ha","Oku Sure Ta-Ha","پڑھیں سورہ Ta-Ha","读苏拉 Ta-Ha","Baca Surah Ta-Ha","Leer Sura Ta-Ha","Soma Sura Ta-Ha","Đọc Surah Al-Anbiya"
"اقرأ سورة An-Nisa","Read Surah Al-Anfal","পড়ুন সূরা Al-Anbiya","خواندن سوره Al-Anbiya","Lire Sourate Al-Anbiya","Baca Surah Al-Anbiya","Leggi Sura Al-Anbiya","Lees Soera Al-Anbiya","Ler Surata Al-Anbiya","Читать Сура Al-Anbiya","Lexo Sure Al-Anbiya","อ่านซูเราะห์ Al-Anbiya","Oku Sure Al-Anbiya","پڑھیں سورہ Al-Anbiya","读苏拉 Al-Anbiya","Baca Surah Al-Anbiya","Leer Sura Al-Anbiya","Soma Sura Al-Anbiya","Đọc Surah Al-Hajj"
"اقرأ سورة Al-Ma'idah","Read Surah At-Tawbah","পড়ুন সূরা Al-Hajj","خواندن سوره Al-Hajj","Lire Sourate Al-Hajj","Baca Surah Al-Hajj","Leggi Sura Al-Hajj","Lees Soera Al-Hajj","Ler Surata Al-Hajj","Читать Сура Al-Hajj","Lexo Sure Al-Hajj","อ่านซูเราะห์ Al-Hajj","Oku Sure Al-Hajj","پڑھیں سورہ Al-Hajj","读苏拉 Al-Hajj","Baca Surah Al-Hajj","Leer Sura Al-Hajj","Soma Sura Al-Hajj","Đọc Surah Al-Mu'minun"
"اقرأ سورة Al-An'am","Read Surah Yunus","পড়ুন সূরা Al-Mu'minun","خواندن سوره Al-Mu'minun","Lire Sourate Al-Mu'minun","Baca Surah Al-Mu'minun","Leggi Sura Al-Mu'minun","Lees Soera Al-Mu'minun","Ler Surata Al-Mu'minun","Читать Сура Al-Mu'minun","Lexo Sure Al-Mu'minun","อ่านซูเราะห์ Al-Mu'minun","Oku Sure Al-Mu'minun","پڑھیں سورہ Al-Mu'minun","读苏拉 Al-Mu'minun","Baca Surah Al-Mu'minun","Leer Sura Al-Mu'minun","Soma Sura Al-Mu'minun","Đọc Surah An-Nur"
"اقرأ سورة Al-A'raf","Read Surah Hud","পড়ুন সূরা An-Nur","خواندن سوره An-Nur","Lire Sourate An-Nur","Baca Surah An-Nur","Leggi Sura An-Nur","Lees Soera An-Nur","Ler Surata An-Nur","Читать Сура An-Nur","Lexo Sure An-Nur","อ่านซูเราะห์ An-Nur","Oku Sure An-Nur","پڑھیں سورہ An-Nur","读苏拉 An-Nur","Baca Surah An-Nur","Leer Sura An-Nur","Soma Sura An-Nur","Đọc Surah Al-Furqan"
"اقرأ سورة Al-Anfal","Read Surah Yusuf","পড়ুন সূরা Al-Furqan","خواندن سوره Al-Furqan","Lire Sourate Al-Furqan","Baca Surah Al-Furqan","Leggi Sura Al-Furqan","Lees Soera Al-Furqan","Ler Surata Al-Furqan","Читать Сура Al-Furqan","Lexo Sure Al-Furqan","อ่านซูเราะห์ Al-Furqan","Oku Sure Al-Furqan","پڑھیں سورہ Al-Furqan","读苏拉 Al-Furqan","Baca Surah Al-Furqan","Leer Sura Al-Furqan","Soma Sura Al-Furqan","Đọc Surah Ash-Shu'ara"
"اقرأ سورة At-Tawbah","Read Surah Ar-Ra'd","পড়ুন সূরা Ash-Shu'ara","خواندن سوره Ash-Shu'ara","Lire Sourate Ash-Shu'ara","Baca Surah Ash-Shu'ara","Leggi Sura Ash-Shu'ara","Lees Soera Ash-Shu'ara","Ler Surata Ash-Shu'ara","Читать Сура Ash-Shu'ara","Lexo Sure Ash-Shu'ara","อ่านซูเราะห์ Ash-Shu'ara","Oku Sure Ash-Shu'ara","پڑھیں سورہ Ash-Shu'ara","读苏拉 Ash-Shu'ara","Baca Surah Ash-Shu'ara","Leer Sura Ash-Shu'ara","Soma Sura Ash-Shu'ara","Đọc Surah An-Naml"
"اقرأ سورة Yunus","Read Surah Ibrahim","পড়ুন সূরা An-Naml","خواندن سوره An-Naml","Lire Sourate An-Naml","Baca Surah An-Naml","Leggi Sura An-Naml","Lees Soera An-Naml","Ler Surata An-Naml","Читать Сура An-Naml","Lexo Sure An-Naml","อ่านซูเราะห์ An-Naml","Oku Sure An-Naml","پڑھیں سورہ An-Naml","读苏拉 An-Naml","Baca Surah An-Naml","Leer Sura An-Naml","Soma Sura An-Naml","Đọc Surah Al-Qasas"
"اقرأ سورة Hud","Read Surah Al-Hijr","পড়ুন সূরা Al-Qasas","خواندن سوره Al-Qasas","Lire Sourate Al-Qasas","Baca Surah Al-Qasas","Leggi Sura Al-Qasas","Lees Soera Al-Qasas","Ler Surata Al-Qasas","Читать Сура Al-Qasas","Lexo Sure Al-Qasas","อ่านซูเราะห์ Al-Qasas","Oku Sure Al-Qasas","پڑھیں سورہ Al-Qasas","读苏拉 Al-Qasas","Baca Surah Al-Qasas","Leer Sura Al-Qasas","Soma Sura Al-Qasas","Đọc Surah Al-'Ankabut"
"اقرأ سورة Yusuf","Read Surah An-Nahl","পড়ুন সূরা Al-'Ankabut","خواندن سوره Al-'Ankabut","Lire Sourate Al-'Ankabut","Baca Surah Al-'Ankabut","Leggi Sura Al-'Ankabut","Lees Soera Al-'Ankabut","Ler Surata Al-'Ankabut","Читать Сура Al-'Ankabut","Lexo Sure Al-'Ankabut","อ่านซูเราะห์ Al-'Ankabut","Oku Sure Al-'Ankabut","پڑھیں سورہ Al-'Ankabut","读苏拉 Al-'Ankabut","Baca Surah Al-'Ankabut","Leer Sura Al-'Ankabut","Soma Sura Al-'Ankabut","Đọc Surah Ar-Rum"
"اقرأ سورة Ar-Ra'd","Read Surah Al-Isra","পড়ুন সূরা Ar-Rum","خواندن سوره Ar-Rum","Lire Sourate Ar-Rum","Baca Surah Ar-Rum","Leggi Sura Ar-Rum","Lees Soera Ar-Rum","Ler Surata Ar-Rum","Читать Сура Ar-Rum","Lexo Sure Ar-Rum","อ่านซูเราะห์ Ar-Rum","Oku Sure Ar-Rum","پڑھیں سورہ Ar-Rum","读苏拉 Ar-Rum","Baca Surah Ar-Rum","Leer Sura Ar-Rum","Soma Sura Ar-Rum","Đọc Surah Luqman"
"اقرأ سورة Ibrahim","Read Surah Al-Kahf","পড়ুন সূরা Luqman","خواندن سوره Luqman","Lire Sourate Luqman","Baca Surah Luqman","Leggi Sura Luqman","Lees Soera Luqman","Ler Surata Luqman","Читать Сура Luqman","Lexo Sure Luqman","อ่านซูเราะห์ Luqman","Oku Sure Luqman","پڑھیں سورہ Luqman","读苏拉 Luqman","Baca Surah Luqman","Leer Sura Luqman","Soma Sura Luqman","Đọc Surah As-Sajdah"
"اقرأ سورة Al-Hijr","Read Surah Maryam","পড়ুন সূরা As-Sajdah","خواندن سوره As-Sajdah","Lire Sourate As-Sajdah","Baca Surah As-Sajdah","Leggi Sura As-Sajdah","Lees Soera As-Sajdah","Ler Surata As-Sajdah","Читать Сура As-Sajdah","Lexo Sure As-Sajdah","อ่านซูเราะห์ As-Sajdah","Oku Sure As-Sajdah","پڑھیں سورہ As-Sajdah","读苏拉 As-Sajdah","Baca Surah As-Sajdah","Leer Sura As-Sajdah","Soma Sura As-Sajdah","Đọc Surah Al-Ahzab"
"اقرأ سورة An-Nahl","Read Surah Ta-Ha","পড়ুন সূরা Al-Ahzab","خواندن سوره Al-Ahzab","Lire Sourate Al-Ahzab","Baca Surah Al-Ahzab","Leggi Sura Al-Ahzab","Lees Soera Al-Ahzab","Ler Surata Al-Ahzab","Читать Сура Al-Ahzab","Lexo Sure Al-Ahzab","อ่านซูเราะห์ Al-Ahzab","Oku Sure Al-Ahzab","پڑھیں سورہ Al-Ahzab","读苏拉 Al-Ahzab","Baca Surah Al-Ahzab","Leer Sura Al-Ahzab","Soma Sura Al-Ahzab","Đọc Surah Saba"
"اقرأ سورة Al-Isra","Read Surah Al-Anbiya","পড়ুন সূরা Saba","خواندن سوره Saba","Lire Sourate Saba","Baca Surah Saba","Leggi Sura Saba","Lees Soera Saba","Ler Surata Saba","Читать Сура Saba","Lexo Sure Saba","อ่านซูเราะห์ Saba","Oku Sure Saba","پڑھیں سورہ Saba","读苏拉 Saba","Baca Surah Saba","Leer Sura Saba","Soma Sura Saba","Đọc Surah Fatir"
"اقرأ سورة Al-Kahf","Read Surah Al-Hajj","পড়ুন সূরা Fatir","خواندن سوره Fatir","Lire Sourate Fatir","Baca Surah Fatir","Leggi Sura Fatir","Lees Soera Fatir","Ler Surata Fatir","Читать Сура Fatir","Lexo Sure Fatir","อ่านซูเราะห์ Fatir","Oku Sure Fatir","پڑھیں سورہ Fatir","读苏拉 Fatir","Baca Surah Fatir","Leer Sura Fatir","Soma Sura Fatir","Đọc Surah Ya-Sin"
"اقرأ سورة Maryam","Read Surah Al-Mu'minun","পড়ুন সূরা Ya-Sin","خواندن سوره Ya-Sin","Lire Sourate Ya-Sin","Baca Surah Ya-Sin","Leggi Sura Ya-Sin","Lees Soera Ya-Sin","Ler Surata Ya-Sin","Читать Сура Ya-Sin","Lexo Sure Ya-Sin","อ่านซูเราะห์ Ya-Sin","Oku Sure Ya-Sin","پڑھیں سورہ Ya-Sin","读苏拉 Ya-Sin","Baca Surah Ya-Sin","Leer Sura Ya-Sin","Soma Sura Ya-Sin","Đọc Surah As-Saffat"
"اقرأ سورة Ta-Ha","Read Surah An-Nur","পড়ুন সূরা As-Saffat","خواندن سوره As-Saffat","Lire Sourate As-Saffat","Baca Surah As-Saffat","Leggi Sura As-Saffat","Lees Soera As-Saffat","Ler Surata As-Saffat","Читать Сура As-Saffat","Lexo Sure As-Saffat","อ่านซูเราะห์ As-Saffat","Oku Sure As-Saffat","پڑھیں سورہ As-Saffat","读苏拉 As-Saffat","Baca Surah As-Saffat","Leer Sura As-Saffat","Soma Sura As-Saffat","Đọc Surah Sad"
"اقرأ سورة Al-Anbiya","Read Surah Al-Furqan","পড়ুন সূরা Sad","خواندن سوره Sad","Lire Sourate Sad","Baca Surah Sad","Leggi Sura Sad","Lees Soera Sad","Ler Surata Sad","Читать Сура Sad","Lexo Sure Sad","อ่านซูเราะห์ Sad","Oku Sure Sad","پڑھیں سورہ Sad","读苏拉 Sad","Baca Surah Sad","Leer Sura Sad","Soma Sura Sad","Đọc Surah Az-Zumar"
"اقرأ سورة Al-Hajj","Read Surah Ash-Shu'ara","পড়ুন সূরা Az-Zumar","خواندن سوره Az-Zumar","Lire Sourate Az-Zumar","Baca Surah Az-Zumar","Leggi Sura Az-Zumar","Lees Soera Az-Zumar","Ler Surata Az-Zumar","Читать Сура Az-Zumar","Lexo Sure Az-Zumar","อ่านซูเราะห์ Az-Zumar","Oku Sure Az-Zumar","پڑھیں سورہ Az-Zumar","读苏拉 Az-Zumar","Baca Surah Az-Zumar","Leer Sura Az-Zumar","Soma Sura Az-Zumar","Đọc Surah Ghafir"
"اقرأ سورة Al-Mu'minun","Read Surah An-Naml","পড়ুন সূরা Ghafir","خواندن سوره Ghafir","Lire Sourate Ghafir","Baca Surah Ghafir","Leggi Sura Ghafir","Lees Soera Ghafir","Ler Surata Ghafir","Читать Сура Ghafir","Lexo Sure Ghafir","อ่านซูเราะห์ Ghafir","Oku Sure Ghafir","پڑھیں سورہ Ghafir","读苏拉 Ghafir","Baca Surah Ghafir","Leer Sura Ghafir","Soma Sura Ghafir","Đọc Surah Fussilat"
"اقرأ سورة An-Nur","Read Surah Al-Qasas","পড়ুন সূরা Fussilat","خواندن سوره Fussilat","Lire Sourate Fussilat","Baca Surah Fussilat","Leggi Sura Fussilat","Lees Soera Fussilat","Ler Surata Fussilat","Читать Сура Fussilat","Lexo Sure Fussilat","อ่านซูเราะห์ Fussilat","Oku Sure Fussilat","پڑھیں سورہ Fussilat","读苏拉 Fussilat","Baca Surah Fussilat","Leer Sura Fussilat","Soma Sura Fussilat","Đọc Surah Ash-Shura"
"اقرأ سورة Al-Furqan","Read Surah Al-'Ankabut","পড়ুন সূরা Ash-Shura","خواندن سوره Ash-Shura","Lire Sourate Ash-Shura","Baca Surah Ash-Shura","Leggi Sura Ash-Shura","Lees Soera Ash-Shura","Ler Surata Ash-Shura","Читать Сура Ash-Shura","Lexo Sure Ash-Shura","อ่านซูเราะห์ Ash-Shura","Oku Sure Ash-Shura","پڑھیں سورہ Ash-Shura","读苏拉 Ash-Shura","Baca Surah Ash-Shura","Leer Sura Ash-Shura","Soma Sura Ash-Shura","Đọc Surah Az-Zukhruf"
"اقرأ سورة Ash-Shu'ara","Read Surah Ar-Rum","পড়ুন সূরা Az-Zukhruf","خواندن سوره Az-Zukhruf","Lire Sourate Az-Zukhruf","Baca Surah Az-Zukhruf","Leggi Sura Az-Zukhruf","Lees Soera Az-Zukhruf","Ler Surata Az-Zukhruf","Читать Сура Az-Zukhruf","Lexo Sure Az-Zukhruf","อ่านซูเราะห์ Az-Zukhruf","Oku Sure Az-Zukhruf","پڑھیں سورہ Az-Zukhruf","读苏拉 Az-Zukhruf","Baca Surah Az-Zukhruf","Leer Sura Az-Zukhruf","Soma Sura Az-Zukhruf","Đọc Surah Ad-Dukhan"
"اقرأ سورة An-Naml","Read Surah Luqman","পড়ুন সূরা Ad-Dukhan","خواندن سوره Ad-Dukhan","Lire Sourate Ad-Dukhan","Baca Surah Ad-Dukhan","Leggi Sura Ad-Dukhan","Lees Soera Ad-Dukhan","Ler Surata Ad-Dukhan","Читать Сура Ad-Dukhan","Lexo Sure Ad-Dukhan","อ่านซูเราะห์ Ad-Dukhan","Oku Sure Ad-Dukhan","پڑھیں سورہ Ad-Dukhan","读苏拉 Ad-Dukhan","Baca Surah Ad-Dukhan","Leer Sura Ad-Dukhan","Soma Sura Ad-Dukhan","Đọc Surah Al-Jathiyah"
"اقرأ سورة Al-Qasas","Read Surah As-Sajdah","পড়ুন সূরা Al-Jathiyah","خواندن سوره Al-Jathiyah","Lire Sourate Al-Jathiyah","Baca Surah Al-Jathiyah","Leggi Sura Al-Jathiyah","Lees Soera Al-Jathiyah","Ler Surata Al-Jathiyah","Читать Сура Al-Jathiyah","Lexo Sure Al-Jathiyah","อ่านซูเราะห์ Al-Jathiyah","Oku Sure Al-Jathiyah","پڑھیں سورہ Al-Jathiyah","读苏拉 Al-Jathiyah","Baca Surah Al-Jathiyah","Leer Sura Al-Jathiyah","Soma Sura Al-Jathiyah","Đọc Surah Al-Ahqaf"
"اقرأ سورة Al-'Ankabut","Read Surah Al-Ahzab","পড়ুন সূরা Al-Ahqaf","خواندن سوره Al-Ahqaf","Lire Sourate Al-Ahqaf","Baca Surah Al-Ahqaf","Leggi Sura Al-Ahqaf","Lees Soera Al-Ahqaf","Ler Surata Al-Ahqaf","Читать Сура Al-Ahqaf","Lexo Sure Al-Ahqaf","อ่านซูเราะห์ Al-Ahqaf","Oku Sure Al-Ahqaf","پڑھیں سورہ Al-Ahqaf","读苏拉 Al-Ahqaf","Baca Surah Al-Ahqaf","Leer Sura Al-Ahqaf","Soma Sura Al-Ahqaf","Đọc Surah Muhammad"
"اقرأ سورة Ar-Rum","Read Surah Saba","পড়ুন সূরা Muhammad","خواندن سوره Muhammad","Lire Sourate Muhammad","Baca Surah Muhammad","Leggi Sura Muhammad","Lees Soera Muhammad","Ler Surata Muhammad","Читать Сура Muhammad","Lexo Sure Muhammad","อ่านซูเราะห์ Muhammad","Oku Sure Muhammad","پڑھیں سورہ Muhammad","读苏拉 Muhammad","Baca Surah Muhammad","Leer Sura Muhammad","Soma Sura Muhammad","Đọc Surah Al-Fath"
"اقرأ سورة Luqman","Read Surah Fatir","পড়ুন সূরা Al-Fath","خواندن سوره Al-Fath","Lire Sourate Al-Fath","Baca Surah Al-Fath","Leggi Sura Al-Fath","Lees Soera Al-Fath","Ler Surata Al-Fath","Читать Сура Al-Fath","Lexo Sure Al-Fath","อ่านซูเราะห์ Al-Fath","Oku Sure Al-Fath","پڑھیں سورہ Al-Fath","读苏拉 Al-Fath","Baca Surah Al-Fath","Leer Sura Al-Fath","Soma Sura Al-Fath","Đọc Surah Al-Hujurat"
"اقرأ سورة As-Sajdah","Read Surah Ya-Sin","পড়ুন সূরা Al-Hujurat","خواندن سوره Al-Hujurat","Lire Sourate Al-Hujurat","Baca Surah Al-Hujurat","Leggi Sura Al-Hujurat","Lees Soera Al-Hujurat","Ler Surata Al-Hujurat","Читать Сура Al-Hujurat","Lexo Sure Al-Hujurat","อ่านซูเราะห์ Al-Hujurat","Oku Sure Al-Hujurat","پڑھیں سورہ Al-Hujurat","读苏拉 Al-Hujurat","Baca Surah Al-Hujurat","Leer Sura Al-Hujurat","Soma Sura Al-Hujurat","Đọc Surah Qaf"
"اقرأ سورة Al-Ahzab","Read Surah As-Saffat","পড়ুন সূরা Qaf","خواندن سوره Qaf","Lire Sourate Qaf","Baca Surah Qaf","Leggi Sura Qaf","Lees Soera Qaf","Ler Surata Qaf","Читать Сура Qaf","Lexo Sure Qaf","อ่านซูเราะห์ Qaf","Oku Sure Qaf","پڑھیں سورہ Qaf","读苏拉 Qaf","Baca Surah Qaf","Leer Sura Qaf","Soma Sura Qaf","Đọc Surah Ad-Zariyat"
"اقرأ سورة Saba","Read Surah Sad","পড়ুন সূরা Ad-Zariyat","خواندن سوره Ad-Zariyat","Lire Sourate Ad-Zariyat","Baca Surah Ad-Zariyat","Leggi Sura Ad-Zariyat","Lees Soera Ad-Zariyat","Ler Surata Ad-Zariyat","Читать Сура Ad-Zariyat","Lexo Sure Ad-Zariyat","อ่านซูเราะห์ Ad-Zariyat","Oku Sure Ad-Zariyat","پڑھیں سورہ Ad-Zariyat","读苏拉 Ad-Zariyat","Baca Surah Ad-Zariyat","Leer Sura Ad-Zariyat","Soma Sura Ad-Zariyat","Đọc Surah At-Tur"
"اقرأ سورة Fatir","Read Surah Az-Zumar","পড়ুন সূরা At-Tur","خواندن سوره At-Tur","Lire Sourate At-Tur","Baca Surah At-Tur","Leggi Sura At-Tur","Lees Soera At-Tur","Ler Surata At-Tur","Читать Сура At-Tur","Lexo Sure At-Tur","อ่านซูเราะห์ At-Tur","Oku Sure At-Tur","پڑھیں سورہ At-Tur","读苏拉 At-Tur","Baca Surah At-Tur","Leer Sura At-Tur","Soma Sura At-Tur","Đọc Surah An-Najm"
"اقرأ سورة Ya-Sin","Read Surah Ghafir","পড়ুন সূরা An-Najm","خواندن سوره An-Najm","Lire Sourate An-Najm","Baca Surah An-Najm","Leggi Sura An-Najm","Lees Soera An-Najm","Ler Surata An-Najm","Читать Сура An-Najm","Lexo Sure An-Najm","อ่านซูเราะห์ An-Najm","Oku Sure An-Najm","پڑھیں سورہ An-Najm","读苏拉 An-Najm","Baca Surah An-Najm","Leer Sura An-Najm","Soma Sura An-Najm","Đọc Surah Al-Qamar"
"اقرأ سورة As-Saffat","Read Surah Fussilat","পড়ুন সূরা Al-Qamar","خواندن سوره Al-Qamar","Lire Sourate Al-Qamar","Baca Surah Al-Qamar","Leggi Sura Al-Qamar","Lees Soera Al-Qamar","Ler Surata Al-Qamar","Читать Сура Al-Qamar","Lexo Sure Al-Qamar","อ่านซูเราะห์ Al-Qamar","Oku Sure Al-Qamar","پڑھیں سورہ Al-Qamar","读苏拉 Al-Qamar","Baca Surah Al-Qamar","Leer Sura Al-Qamar","Soma Sura Al-Qamar","Đọc Surah Ar-Rahman"
"اقرأ سورة Sad","Read Surah Ash-Shura","পড়ুন সূরা Ar-Rahman","خواندن سوره Ar-Rahman","Lire Sourate Ar-Rahman","Baca Surah Ar-Rahman","Leggi Sura Ar-Rahman","Lees Soera Ar-Rahman","Ler Surata Ar-Rahman","Читать Сура Ar-Rahman","Lexo Sure Ar-Rahman","อ่านซูเราะห์ Ar-Rahman","Oku Sure Ar-Rahman","پڑھیں سورہ Ar-Rahman","读苏拉 Ar-Rahman","Baca Surah Ar-Rahman","Leer Sura Ar-Rahman","Soma Sura Ar-Rahman","Đọc Surah Al-Waqi'ah"
"اقرأ سورة Az-Zumar","Read Surah Az-Zukhruf","পড়ুন সূরা Al-Waqi'ah","خواندن سوره Al-Waqi'ah","Lire Sourate Al-Waqi'ah","Baca Surah Al-Waqi'ah","Leggi Sura Al-Waqi'ah","Lees Soera Al-Waqi'ah","Ler Surata Al-Waqi'ah","Читать Сура Al-Waqi'ah","Lexo Sure Al-Waqi'ah","อ่านซูเราะห์ Al-Waqi'ah","Oku Sure Al-Waqi'ah","پڑھیں سورہ Al-Waqi'ah","读苏拉 Al-Waqi'ah","Baca Surah Al-Waqi'ah","Leer Sura Al-Waqi'ah","Soma Sura Al-Waqi'ah","Đọc Surah Al-Hadid"
"اقرأ سورة Ghafir","Read Surah Ad-Dukhan","পড়ুন সূরা Al-Hadid","خواندن سوره Al-Hadid","Lire Sourate Al-Hadid","Baca Surah Al-Hadid","Leggi Sura Al-Hadid","Lees Soera Al-Hadid","Ler Surata Al-Hadid","Читать Сура Al-Hadid","Lexo Sure Al-Hadid","อ่านซูเราะห์ Al-Hadid","Oku Sure Al-Hadid","پڑھیں سورہ Al-Hadid","读苏拉 Al-Hadid","Baca Surah Al-Hadid","Leer Sura Al-Hadid","Soma Sura Al-Hadid","Đọc Surah Al-Mujadila"
"اقرأ سورة Fussilat","Read Surah Al-Jathiyah","পড়ুন সূরা Al-Mujadila","خواندن سوره Al-Mujadila","Lire Sourate Al-Mujadila","Baca Surah Al-Mujadila","Leggi Sura Al-Mujadila","Lees Soera Al-Mujadila","Ler Surata Al-Mujadila","Читать Сура Al-Mujadila","Lexo Sure Al-Mujadila","อ่านซูเราะห์ Al-Mujadila","Oku Sure Al-Mujadila","پڑھیں سورہ Al-Mujadila","读苏拉 Al-Mujadila","Baca Surah Al-Mujadila","Leer Sura Al-Mujadila","Soma Sura Al-Mujadila","Đọc Surah Al-Hashr"
"اقرأ سورة Ash-Shura","Read Surah Al-Ahqaf","পড়ুন সূরা Al-Hashr","خواندن سوره Al-Hashr","Lire Sourate Al-Hashr","Baca Surah Al-Hashr","Leggi Sura Al-Hashr","Lees Soera Al-Hashr","Ler Surata Al-Hashr","Читать Сура Al-Hashr","Lexo Sure Al-Hashr","อ่านซูเราะห์ Al-Hashr","Oku Sure Al-Hashr","پڑھیں سورہ Al-Hashr","读苏拉 Al-Hashr","Baca Surah Al-Hashr","Leer Sura Al-Hashr","Soma Sura Al-Hashr","Đọc Surah Al-Mumtahanah"
"اقرأ سورة Az-Zukhruf","Read Surah Muhammad","পড়ুন সূরা Al-Mumtahanah","خواندن سوره Al-Mumtahanah","Lire Sourate Al-Mumtahanah","Baca Surah Al-Mumtahanah","Leggi Sura Al-Mumtahanah","Lees Soera Al-Mumtahanah","Ler Surata Al-Mumtahanah","Читать Сура Al-Mumtahanah","Lexo Sure Al-Mumtahanah","อ่านซูเราะห์ Al-Mumtahanah","Oku Sure Al-Mumtahanah","پڑھیں سورہ Al-Mumtahanah","读苏拉 Al-Mumtahanah","Baca Surah Al-Mumtahanah","Leer Sura Al-Mumtahanah","Soma Sura Al-Mumtahanah","Đọc Surah As-Saf"
"اقرأ سورة Ad-Dukhan","Read Surah Al-Fath","পড়ুন সূরা As-Saf","خواندن سوره As-Saf","Lire Sourate As-Saf","Baca Surah As-Saf","Leggi Sura As-Saf","Lees Soera As-Saf","Ler Surata As-Saf","Читать Сура As-Saf","Lexo Sure As-Saf","อ่านซูเราะห์ As-Saf","Oku Sure As-Saf","پڑھیں سورہ As-Saf","读苏拉 As-Saf","Baca Surah As-Saf","Leer Sura As-Saf","Soma Sura As-Saf","Đọc Surah Al-Jumu'ah"
"اقرأ سورة Al-Jathiyah","Read Surah Al-Hujurat","পড়ুন সূরা Al-Jumu'ah","خواندن سوره Al-Jumu'ah","Lire Sourate Al-Jumu'ah","Baca Surah Al-Jumu'ah","Leggi Sura Al-Jumu'ah","Lees Soera Al-Jumu'ah","Ler Surata Al-Jumu'ah","Читать Сура Al-Jumu'ah","Lexo Sure Al-Jumu'ah","อ่านซูเราะห์ Al-Jumu'ah","Oku Sure Al-Jumu'ah","پڑھیں سورہ Al-Jumu'ah","读苏拉 Al-Jumu'ah","Baca Surah Al-Jumu'ah","Leer Sura Al-Jumu'ah","Soma Sura Al-Jumu'ah","Đọc Surah Al-Munafiqun"
"اقرأ سورة Al-Ahqaf","Read Surah Qaf","পড়ুন সূরা Al-Munafiqun","خواندن سوره Al-Munafiqun","Lire Sourate Al-Munafiqun","Baca Surah Al-Munafiqun","Leggi Sura Al-Munafiqun","Lees Soera Al-Munafiqun","Ler Surata Al-Munafiqun","Читать Сура Al-Munafiqun","Lexo Sure Al-Munafiqun","อ่านซูเราะห์ Al-Munafiqun","Oku Sure Al-Munafiqun","پڑھیں سورہ Al-Munafiqun","读苏拉 Al-Munafiqun","Baca Surah Al-Munafiqun","Leer Sura Al-Munafiqun","Soma Sura Al-Munafiqun","Đọc Surah At-Taghabun"
"اقرأ سورة Muhammad","Read Surah Ad-Zariyat","পড়ুন সূরা At-Taghabun","خواندن سوره At-Taghabun","Lire Sourate At-Taghabun","Baca Surah At-Taghabun","Leggi Sura At-Taghabun","Lees Soera At-Taghabun","Ler Surata At-Taghabun","Читать Сура At-Taghabun","Lexo Sure At-Taghabun","อ่านซูเราะห์ At-Taghabun","Oku Sure At-Taghabun","پڑھیں سورہ At-Taghabun","读苏拉 At-Taghabun","Baca Surah At-Taghabun","Leer Sura At-Taghabun","Soma Sura At-Taghabun","Đọc Surah At-Talaq"
"اقرأ سورة Al-Fath","Read Surah At-Tur","পড়ুন সূরা At-Talaq","خواندن سوره At-Talaq","Lire Sourate At-Talaq","Baca Surah At-Talaq","Leggi Sura At-Talaq","Lees Soera At-Talaq","Ler Surata At-Talaq","Читать Сура At-Talaq","Lexo Sure At-Talaq","อ่านซูเราะห์ At-Talaq","Oku Sure At-Talaq","پڑھیں سورہ At-Talaq","读苏拉 At-Talaq","Baca Surah At-Talaq","Leer Sura At-Talaq","Soma Sura At-Talaq","Đọc Surah At-Tahrim"
"اقرأ سورة Al-Hujurat","Read Surah An-Najm","পড়ুন সূরা At-Tahrim","خواندن سوره At-Tahrim","Lire Sourate At-Tahrim","Baca Surah At-Tahrim","Leggi Sura At-Tahrim","Lees Soera At-Tahrim","Ler Surata At-Tahrim","Читать Сура At-Tahrim","Lexo Sure At-Tahrim","อ่านซูเราะห์ At-Tahrim","Oku Sure At-Tahrim","پڑھیں سورہ At-Tahrim","读苏拉 At-Tahrim","Baca Surah At-Tahrim","Leer Sura At-Tahrim","Soma Sura At-Tahrim","Đọc Surah Al-Mulk"
"اقرأ سورة Qaf","Read Surah Al-Qamar","পড়ুন সূরা Al-Mulk","خواندن سوره Al-Mulk","Lire Sourate Al-Mulk","Baca Surah Al-Mulk","Leggi Sura Al-Mulk","Lees Soera Al-Mulk","Ler Surata Al-Mulk","Читать Сура Al-Mulk","Lexo Sure Al-Mulk","อ่านซูเราะห์ Al-Mulk","Oku Sure Al-Mulk","پڑھیں سورہ Al-Mulk","读苏拉 Al-Mulk","Baca Surah Al-Mulk","Leer Sura Al-Mulk","Soma Sura Al-Mulk","Đọc Surah Al-Qalam"
"اقرأ سورة Ad-Zariyat","Read Surah Ar-Rahman","পড়ুন সূরা Al-Qalam","خواندن سوره Al-Qalam","Lire Sourate Al-Qalam","Baca Surah Al-Qalam","Leggi Sura Al-Qalam","Lees Soera Al-Qalam","Ler Surata Al-Qalam","Читать Сура Al-Qalam","Lexo Sure Al-Qalam","อ่านซูเราะห์ Al-Qalam","Oku Sure Al-Qalam","پڑھیں سورہ Al-Qalam","读苏拉 Al-Qalam","Baca Surah Al-Qalam","Leer Sura Al-Qalam","Soma Sura Al-Qalam","Đọc Surah Al-Haqqah"
"اقرأ سورة At-Tur","Read Surah Al-Waqi'ah","পড়ুন সূরা Al-Haqqah","خواندن سوره Al-Haqqah","Lire Sourate Al-Haqqah","Baca Surah Al-Haqqah","Leggi Sura Al-Haqqah","Lees Soera Al-Haqqah","Ler Surata Al-Haqqah","Читать Сура Al-Haqqah","Lexo Sure Al-Haqqah","อ่านซูเราะห์ Al-Haqqah","Oku Sure Al-Haqqah","پڑھیں سورہ Al-Haqqah","读苏拉 Al-Haqqah","Baca Surah Al-Haqqah","Leer Sura Al-Haqqah","Soma Sura Al-Haqqah","Đọc Surah Al-Ma'arij"
"اقرأ سورة An-Najm","Read Surah Al-Hadid","পড়ুন সূরা Al-Ma'arij","خواندن سوره Al-Ma'arij","Lire Sourate Al-Ma'arij","Baca Surah Al-Ma'arij","Leggi Sura Al-Ma'arij","Lees Soera Al-Ma'arij","Ler Surata Al-Ma'arij","Читать Сура Al-Ma'arij","Lexo Sure Al-Ma'arij","อ่านซูเราะห์ Al-Ma'arij","Oku Sure Al-Ma'arij","پڑھیں سورہ Al-Ma'arij","读苏拉 Al-Ma'arij","Baca Surah Al-Ma'arij","Leer Sura Al-Ma'arij","Soma Sura Al-Ma'arij","Đọc Surah Nuh"
"اقرأ سورة Al-Qamar","Read Surah Al-Mujadila","পড়ুন সূরা Nuh","خواندن سوره Nuh","Lire Sourate Nuh","Baca Surah Nuh","Leggi Sura Nuh","Lees Soera Nuh","Ler Surata Nuh","Читать Сура Nuh","Lexo Sure Nuh","อ่านซูเราะห์ Nuh","Oku Sure Nuh","پڑھیں سورہ Nuh","读苏拉 Nuh","Baca Surah Nuh","Leer Sura Nuh","Soma Sura Nuh","Đọc Surah Al-Jinn"
"اقرأ سورة Ar-Rahman","Read Surah Al-Hashr","পড়ুন সূরা Al-Jinn","خواندن سوره Al-Jinn","Lire Sourate Al-Jinn","Baca Surah Al-Jinn","Leggi Sura Al-Jinn","Lees Soera Al-Jinn","Ler Surata Al-Jinn","Читать Сура Al-Jinn","Lexo Sure Al-Jinn","อ่านซูเราะห์ Al-Jinn","Oku Sure Al-Jinn","پڑھیں سورہ Al-Jinn","读苏拉 Al-Jinn","Baca Surah Al-Jinn","Leer Sura Al-Jinn","Soma Sura Al-Jinn","Đọc Surah Al-Muzzammil"
"اقرأ سورة Al-Waqi'ah","Read Surah Al-Mumtahanah","পড়ুন সূরা Al-Muzzammil","خواندن سوره Al-Muzzammil","Lire Sourate Al-Muzzammil","Baca Surah Al-Muzzammil","Leggi Sura Al-Muzzammil","Lees Soera Al-Muzzammil","Ler Surata Al-Muzzammil","Читать Сура Al-Muzzammil","Lexo Sure Al-Muzzammil","อ่านซูเราะห์ Al-Muzzammil","Oku Sure Al-Muzzammil","پڑھیں سورہ Al-Muzzammil","读苏拉 Al-Muzzammil","Baca Surah Al-Muzzammil","Leer Sura Al-Muzzammil","Soma Sura Al-Muzzammil","Đọc Surah Al-Muddaththir"
"اقرأ سورة Al-Hadid","Read Surah As-Saf","পড়ুন সূরা Al-Muddaththir","خواندن سوره Al-Muddaththir","Lire Sourate Al-Muddaththir","Baca Surah Al-Muddaththir","Leggi Sura Al-Muddaththir","Lees Soera Al-Muddaththir","Ler Surata Al-Muddaththir","Читать Сура Al-Muddaththir","Lexo Sure Al-Muddaththir","อ่านซูเราะห์ Al-Muddaththir","Oku Sure Al-Muddaththir","پڑھیں سورہ Al-Muddaththir","读苏拉 Al-Muddaththir","Baca Surah Al-Muddaththir","Leer Sura Al-Muddaththir","Soma Sura Al-Muddaththir","Đọc Surah Al-Qiyamah"
"اقرأ سورة Al-Mujadila","Read Surah Al-Jumu'ah","পড়ুন সূরা Al-Qiyamah","خواندن سوره Al-Qiyamah","Lire Sourate Al-Qiyamah","Baca Surah Al-Qiyamah","Leggi Sura Al-Qiyamah","Lees Soera Al-Qiyamah","Ler Surata Al-Qiyamah","Читать Сура Al-Qiyamah","Lexo Sure Al-Qiyamah","อ่านซูเราะห์ Al-Qiyamah","Oku Sure Al-Qiyamah","پڑھیں سورہ Al-Qiyamah","读苏拉 Al-Qiyamah","Baca Surah Al-Qiyamah","Leer Sura Al-Qiyamah","Soma Sura Al-Qiyamah","Đọc Surah Al-Insan"
"اقرأ سورة Al-Hashr","Read Surah Al-Munafiqun","পড়ুন সূরা Al-Insan","خواندن سوره Al-Insan","Lire Sourate Al-Insan","Baca Surah Al-Insan","Leggi Sura Al-Insan","Lees Soera Al-Insan","Ler Surata Al-Insan","Читать Сура Al-Insan","Lexo Sure Al-Insan","อ่านซูเราะห์ Al-Insan","Oku Sure Al-Insan","پڑھیں سورہ Al-Insan","读苏拉 Al-Insan","Baca Surah Al-Insan","Leer Sura Al-Insan","Soma Sura Al-Insan","Đọc Surah Al-Mursalat"
"اقرأ سورة Al-Mumtahanah","Read Surah At-Taghabun","পড়ুন সূরা Al-Mursalat","خواندن سوره Al-Mursalat","Lire Sourate Al-Mursalat","Baca Surah Al-Mursalat","Leggi Sura Al-Mursalat","Lees Soera Al-Mursalat","Ler Surata Al-Mursalat","Читать Сура Al-Mursalat","Lexo Sure Al-Mursalat","อ่านซูเราะห์ Al-Mursalat","Oku Sure Al-Mursalat","پڑھیں سورہ Al-Mursalat","读苏拉 Al-Mursalat","Baca Surah Al-Mursalat","Leer Sura Al-Mursalat","Soma Sura Al-Mursalat","Đọc Surah An-Naba"
"اقرأ سورة As-Saf","Read Surah At-Talaq","পড়ুন সূরা An-Naba","خواندن سوره An-Naba","Lire Sourate An-Naba","Baca Surah An-Naba","Leggi Sura An-Naba","Lees Soera An-Naba","Ler Surata An-Naba","Читать Сура An-Naba","Lexo Sure An-Naba","อ่านซูเราะห์ An-Naba","Oku Sure An-Naba","پڑھیں سورہ An-Naba","读苏拉 An-Naba","Baca Surah An-Naba","Leer Sura An-Naba","Soma Sura An-Naba","Đọc Surah An-Nazi'at"
"اقرأ سورة Al-Jumu'ah","Read Surah At-Tahrim","পড়ুন সূরা An-Nazi'at","خواندن سوره An-Nazi'at","Lire Sourate An-Nazi'at","Baca Surah An-Nazi'at","Leggi Sura An-Nazi'at","Lees Soera An-Nazi'at","Ler Surata An-Nazi'at","Читать Сура An-Nazi'at","Lexo Sure An-Nazi'at","อ่านซูเราะห์ An-Nazi'at","Oku Sure An-Nazi'at","پڑھیں سورہ An-Nazi'at","读苏拉 An-Nazi'at","Baca Surah An-Nazi'at","Leer Sura An-Nazi'at","Soma Sura An-Nazi'at","Đọc Surah 'Abasa"
"اقرأ سورة Al-Munafiqun","Read Surah Al-Mulk","পড়ুন সূরা 'Abasa","خواندن سوره 'Abasa","Lire Sourate 'Abasa","Baca Surah 'Abasa","Leggi Sura 'Abasa","Lees Soera 'Abasa","Ler Surata 'Abasa","Читать Сура 'Abasa","Lexo Sure 'Abasa","อ่านซูเราะห์ 'Abasa","Oku Sure 'Abasa","پڑھیں سورہ 'Abasa","读苏拉 'Abasa","Baca Surah 'Abasa","Leer Sura 'Abasa","Soma Sura 'Abasa","Đọc Surah At-Takwir"
"اقرأ سورة At-Taghabun","Read Surah Al-Qalam","পড়ুন সূরা At-Takwir","خواندن سوره At-Takwir","Lire Sourate At-Takwir","Baca Surah At-Takwir","Leggi Sura At-Takwir","Lees Soera At-Takwir","Ler Surata At-Takwir","Читать Сура At-Takwir","Lexo Sure At-Takwir","อ่านซูเราะห์ At-Takwir","Oku Sure At-Takwir","پڑھیں سورہ At-Takwir","读苏拉 At-Takwir","Baca Surah At-Takwir","Leer Sura At-Takwir","Soma Sura At-Takwir","Đọc Surah Al-Infitar"
"اقرأ سورة At-Talaq","Read Surah Al-Haqqah","পড়ুন সূরা Al-Infitar","خواندن سوره Al-Infitar","Lire Sourate Al-Infitar","Baca Surah Al-Infitar","Leggi Sura Al-Infitar","Lees Soera Al-Infitar","Ler Surata Al-Infitar","Читать Сура Al-Infitar","Lexo Sure Al-Infitar","อ่านซูเราะห์ Al-Infitar","Oku Sure Al-Infitar","پڑھیں سورہ Al-Infitar","读苏拉 Al-Infitar","Baca Surah Al-Infitar","Leer Sura Al-Infitar","Soma Sura Al-Infitar","Đọc Surah Al-Mutaffifin"
"اقرأ سورة At-Tahrim","Read Surah Al-Ma'arij","পড়ুন সূরা Al-Mutaffifin","خواندن سوره Al-Mutaffifin","Lire Sourate Al-Mutaffifin","Baca Surah Al-Mutaffifin","Leggi Sura Al-Mutaffifin","Lees Soera Al-Mutaffifin","Ler Surata Al-Mutaffifin","Читать Сура Al-Mutaffifin","Lexo Sure Al-Mutaffifin","อ่านซูเราะห์ Al-Mutaffifin","Oku Sure Al-Mutaffifin","پڑھیں سورہ Al-Mutaffifin","读苏拉 Al-Mutaffifin","Baca Surah Al-Mutaffifin","Leer Sura Al-Mutaffifin","Soma Sura Al-Mutaffifin","Đọc Surah Al-Inshiqaq"
"اقرأ سورة Al-Mulk","Read Surah Nuh","পড়ুন সূরা Al-Inshiqaq","خواندن سوره Al-Inshiqaq","Lire Sourate Al-Inshiqaq","Baca Surah Al-Inshiqaq","Leggi Sura Al-Inshiqaq","Lees Soera Al-Inshiqaq","Ler Surata Al-Inshiqaq","Читать Сура Al-Inshiqaq","Lexo Sure Al-Inshiqaq","อ่านซูเราะห์ Al-Inshiqaq","Oku Sure Al-Inshiqaq","پڑھیں سورہ Al-Inshiqaq","读苏拉 Al-Inshiqaq","Baca Surah Al-Inshiqaq","Leer Sura Al-Inshiqaq","Soma Sura Al-Inshiqaq","Đọc Surah Al-Buruj"
"اقرأ سورة Al-Qalam","Read Surah Al-Jinn","পড়ুন সূরা Al-Buruj","خواندن سوره Al-Buruj","Lire Sourate Al-Buruj","Baca Surah Al-Buruj","Leggi Sura Al-Buruj","Lees Soera Al-Buruj","Ler Surata Al-Buruj","Читать Сура Al-Buruj","Lexo Sure Al-Buruj","อ่านซูเราะห์ Al-Buruj","Oku Sure Al-Buruj","پڑھیں سورہ Al-Buruj","读苏拉 Al-Buruj","Baca Surah Al-Buruj","Leer Sura Al-Buruj","Soma Sura Al-Buruj","Đọc Surah At-Tariq"
"اقرأ سورة Al-Haqqah","Read Surah Al-Muzzammil","পড়ুন সূরা At-Tariq","خواندن سوره At-Tariq","Lire Sourate At-Tariq","Baca Surah At-Tariq","Leggi Sura At-Tariq","Lees Soera At-Tariq","Ler Surata At-Tariq","Читать Сура At-Tariq","Lexo Sure At-Tariq","อ่านซูเราะห์ At-Tariq","Oku Sure At-Tariq","پڑھیں سورہ At-Tariq","读苏拉 At-Tariq","Baca Surah At-Tariq","Leer Sura At-Tariq","Soma Sura At-Tariq","Đọc Surah Al-A'la"
"اقرأ سورة Al-Ma'arij","Read Surah Al-Muddaththir","পড়ুন সূরা Al-A'la","خواندن سوره Al-A'la","Lire Sourate Al-A'la","Baca Surah Al-A'la","Leggi Sura Al-A'la","Lees Soera Al-A'la","Ler Surata Al-A'la","Читать Сура Al-A'la","Lexo Sure Al-A'la","อ่านซูเราะห์ Al-A'la","Oku Sure Al-A'la","پڑھیں سورہ Al-A'la","读苏拉 Al-A'la","Baca Surah Al-A'la","Leer Sura Al-A'la","Soma Sura Al-A'la","Đọc Surah Al-Ghashiyah"
"اقرأ سورة Nuh","Read Surah Al-Qiyamah","পড়ুন সূরা Al-Ghashiyah","خواندن سوره Al-Ghashiyah","Lire Sourate Al-Ghashiyah","Baca Surah Al-Ghashiyah","Leggi Sura Al-Ghashiyah","Lees Soera Al-Ghashiyah","Ler Surata Al-Ghashiyah","Читать Сура Al-Ghashiyah","Lexo Sure Al-Ghashiyah","อ่านซูเราะห์ Al-Ghashiyah","Oku Sure Al-Ghashiyah","پڑھیں سورہ Al-Ghashiyah","读苏拉 Al-Ghashiyah","Baca Surah Al-Ghashiyah","Leer Sura Al-Ghashiyah","Soma Sura Al-Ghashiyah","Đọc Surah Al-Fajr"
"اقرأ سورة Al-Jinn","Read Surah Al-Insan","পড়ুন সূরা Al-Fajr","خواندن سوره Al-Fajr","Lire Sourate Al-Fajr","Baca Surah Al-Fajr","Leggi Sura Al-Fajr","Lees Soera Al-Fajr","Ler Surata Al-Fajr","Читать Сура Al-Fajr","Lexo Sure Al-Fajr","อ่านซูเราะห์ Al-Fajr","Oku Sure Al-Fajr","پڑھیں سورہ Al-Fajr","读苏拉 Al-Fajr","Baca Surah Al-Fajr","Leer Sura Al-Fajr","Soma Sura Al-Fajr","Đọc Surah Al-Balad"
"اقرأ سورة Al-Muzzammil","Read Surah Al-Mursalat","পড়ুন সূরা Al-Balad","خواندن سوره Al-Balad","Lire Sourate Al-Balad","Baca Surah Al-Balad","Leggi Sura Al-Balad","Lees Soera Al-Balad","Ler Surata Al-Balad","Читать Сура Al-Balad","Lexo Sure Al-Balad","อ่านซูเราะห์ Al-Balad","Oku Sure Al-Balad","پڑھیں سورہ Al-Balad","读苏拉 Al-Balad","Baca Surah Al-Balad","Leer Sura Al-Balad","Soma Sura Al-Balad","Đọc Surah Ash-Shams"
"اقرأ سورة Al-Muddaththir","Read Surah An-Naba","পড়ুন সূরা Ash-Shams","خواندن سوره Ash-Shams","Lire Sourate Ash-Shams","Baca Surah Ash-Shams","Leggi Sura Ash-Shams","Lees Soera Ash-Shams","Ler Surata Ash-Shams","Читать Сура Ash-Shams","Lexo Sure Ash-Shams","อ่านซูเราะห์ Ash-Shams","Oku Sure Ash-Shams","پڑھیں سورہ Ash-Shams","读苏拉 Ash-Shams","Baca Surah Ash-Shams","Leer Sura Ash-Shams","Soma Sura Ash-Shams","Đọc Surah Al-Lail"
"اقرأ سورة Al-Qiyamah","Read Surah An-Nazi'at","পড়ুন সূরা Al-Lail","خواندن سوره Al-Lail","Lire Sourate Al-Lail","Baca Surah Al-Lail","Leggi Sura Al-Lail","Lees Soera Al-Lail","Ler Surata Al-Lail","Читать Сура Al-Lail","Lexo Sure Al-Lail","อ่านซูเราะห์ Al-Lail","Oku Sure Al-Lail","پڑھیں سورہ Al-Lail","读苏拉 Al-Lail","Baca Surah Al-Lail","Leer Sura Al-Lail","Soma Sura Al-Lail","Đọc Surah Ad-Duha"
"اقرأ سورة Al-Insan","Read Surah 'Abasa","পড়ুন সূরা Ad-Duha","خواندن سوره Ad-Duha","Lire Sourate Ad-Duha","Baca Surah Ad-Duha","Leggi Sura Ad-Duha","Lees Soera Ad-Duha","Ler Surata Ad-Duha","Читать Сура Ad-Duha","Lexo Sure Ad-Duha","อ่านซูเราะห์ Ad-Duha","Oku Sure Ad-Duha","پڑھیں سورہ Ad-Duha","读苏拉 Ad-Duha","Baca Surah Ad-Duha","Leer Sura Ad-Duha","Soma Sura Ad-Duha","Đọc Surah Ash-Sharh"
"اقرأ سورة Al-Mursalat","Read Surah At-Takwir","পড়ুন সূরা Ash-Sharh","خواندن سوره Ash-Sharh","Lire Sourate Ash-Sharh","Baca Surah Ash-Sharh","Leggi Sura Ash-Sharh","Lees Soera Ash-Sharh","Ler Surata Ash-Sharh","Читать Сура Ash-Sharh","Lexo Sure Ash-Sharh","อ่านซูเราะห์ Ash-Sharh","Oku Sure Ash-Sharh","پڑھیں سورہ Ash-Sharh","读苏拉 Ash-Sharh","Baca Surah Ash-Sharh","Leer Sura Ash-Sharh","Soma Sura Ash-Sharh","Đọc Surah At-Tin"
"اقرأ سورة An-Naba","Read Surah Al-Infitar","পড়ুন সূরা At-Tin","خواندن سوره At-Tin","Lire Sourate At-Tin","Baca Surah At-Tin","Leggi Sura At-Tin","Lees Soera At-Tin","Ler Surata At-Tin","Читать Сура At-Tin","Lexo Sure At-Tin","อ่านซูเราะห์ At-Tin","Oku Sure At-Tin","پڑھیں سورہ At-Tin","读苏拉 At-Tin","Baca Surah At-Tin","Leer Sura At-Tin","Soma Sura At-Tin","Đọc Surah Al-'Alaq"
"اقرأ سورة An-Nazi'at","Read Surah Al-Mutaffifin","পড়ুন সূরা Al-'Alaq","خواندن سوره Al-'Alaq","Lire Sourate Al-'Alaq","Baca Surah Al-'Alaq","Leggi Sura Al-'Alaq","Lees Soera Al-'Alaq","Ler Surata Al-'Alaq","Читать Сура Al-'Alaq","Lexo Sure Al-'Alaq","อ่านซูเราะห์ Al-'Alaq","Oku Sure Al-'Alaq","پڑھیں سورہ Al-'Alaq","读苏拉 Al-'Alaq","Baca Surah Al-'Alaq","Leer Sura Al-'Alaq","Soma Sura Al-'Alaq","Đọc Surah Al-Qadr"
"اقرأ سورة 'Abasa","Read Surah Al-Inshiqaq","পড়ুন সূরা Al-Qadr","خواندن سوره Al-Qadr","Lire Sourate Al-Qadr","Baca Surah Al-Qadr","Leggi Sura Al-Qadr","Lees Soera Al-Qadr","Ler Surata Al-Qadr","Читать Сура Al-Qadr","Lexo Sure Al-Qadr","อ่านซูเราะห์ Al-Qadr","Oku Sure Al-Qadr","پڑھیں سورہ Al-Qadr","读苏拉 Al-Qadr","Baca Surah Al-Qadr","Leer Sura Al-Qadr","Soma Sura Al-Qadr","Đọc Surah Al-Bayyinah"
"اقرأ سورة At-Takwir","Read Surah Al-Buruj","পড়ুন সূরা Al-Bayyinah","خواندن سوره Al-Bayyinah","Lire Sourate Al-Bayyinah","Baca Surah Al-Bayyinah","Leggi Sura Al-Bayyinah","Lees Soera Al-Bayyinah","Ler Surata Al-Bayyinah","Читать Сура Al-Bayyinah","Lexo Sure Al-Bayyinah","อ่านซูเราะห์ Al-Bayyinah","Oku Sure Al-Bayyinah","پڑھیں سورہ Al-Bayyinah","读苏拉 Al-Bayyinah","Baca Surah Al-Bayyinah","Leer Sura Al-Bayyinah","Soma Sura Al-Bayyinah","Đọc Surah Az-Zalzalah"
"اقرأ سورة Al-Infitar","Read Surah At-Tariq","পড়ুন সূরা Az-Zalzalah","خواندن سوره Az-Zalzalah","Lire Sourate Az-Zalzalah","Baca Surah Az-Zalzalah","Leggi Sura Az-Zalzalah","Lees Soera Az-Zalzalah","Ler Surata Az-Zalzalah","Читать Сура Az-Zalzalah","Lexo Sure Az-Zalzalah","อ่านซูเราะห์ Az-Zalzalah","Oku Sure Az-Zalzalah","پڑھیں سورہ Az-Zalzalah","读苏拉 Az-Zalzalah","Baca Surah Az-Zalzalah","Leer Sura Az-Zalzalah","Soma Sura Az-Zalzalah","Đọc Surah Al-'Adiyat"
"اقرأ سورة Al-Mutaffifin","Read Surah Al-A'la","পড়ুন সূরা Al-'Adiyat","خواندن سوره Al-'Adiyat","Lire Sourate Al-'Adiyat","Baca Surah Al-'Adiyat","Leggi Sura Al-'Adiyat","Lees Soera Al-'Adiyat","Ler Surata Al-'Adiyat","Читать Сура Al-'Adiyat","Lexo Sure Al-'Adiyat","อ่านซูเราะห์ Al-'Adiyat","Oku Sure Al-'Adiyat","پڑھیں سورہ Al-'Adiyat","读苏拉 Al-'Adiyat","Baca Surah Al-'Adiyat","Leer Sura Al-'Adiyat","Soma Sura Al-'Adiyat","Đọc Surah Al-Qari'ah"
"اقرأ سورة Al-Inshiqaq","Read Surah Al-Ghashiyah","পড়ুন সূরা Al-Qari'ah","خواندن سوره Al-Qari'ah","Lire Sourate Al-Qari'ah","Baca Surah Al-Qari'ah","Leggi Sura Al-Qari'ah","Lees Soera Al-Qari'ah","Ler Surata Al-Qari'ah","Читать Сура Al-Qari'ah","Lexo Sure Al-Qari'ah","อ่านซูเราะห์ Al-Qari'ah","Oku Sure Al-Qari'ah","پڑھیں سورہ Al-Qari'ah","读苏拉 Al-Qari'ah","Baca Surah Al-Qari'ah","Leer Sura Al-Qari'ah","Soma Sura Al-Qari'ah","Đọc Surah At-Takathur"
"اقرأ سورة Al-Buruj","Read Surah Al-Fajr","পড়ুন সূরা At-Takathur","خواندن سوره At-Takathur","Lire Sourate At-Takathur","Baca Surah At-Takathur","Leggi Sura At-Takathur","Lees Soera At-Takathur","Ler Surata At-Takathur","Читать Сура At-Takathur","Lexo Sure At-Takathur","อ่านซูเราะห์ At-Takathur","Oku Sure At-Takathur","پڑھیں سورہ At-Takathur","读苏拉 At-Takathur","Baca Surah At-Takathur","Leer Sura At-Takathur","Soma Sura At-Takathur","Đọc Surah Al-'Asr"
"اقرأ سورة At-Tariq","Read Surah Al-Balad","পড়ুন সূরা Al-'Asr","خواندن سوره Al-'Asr","Lire Sourate Al-'Asr","Baca Surah Al-'Asr","Leggi Sura Al-'Asr","Lees Soera Al-'Asr","Ler Surata Al-'Asr","Читать Сура Al-'Asr","Lexo Sure Al-'Asr","อ่านซูเราะห์ Al-'Asr","Oku Sure Al-'Asr","پڑھیں سورہ Al-'Asr","读苏拉 Al-'Asr","Baca Surah Al-'Asr","Leer Sura Al-'Asr","Soma Sura Al-'Asr","Đọc Surah Al-Humazah"
"اقرأ سورة Al-A'la","Read Surah Ash-Shams","পড়ুন সূরা Al-Humazah","خواندن سوره Al-Humazah","Lire Sourate Al-Humazah","Baca Surah Al-Humazah","Leggi Sura Al-Humazah","Lees Soera Al-Humazah","Ler Surata Al-Humazah","Читать Сура Al-Humazah","Lexo Sure Al-Humazah","อ่านซูเราะห์ Al-Humazah","Oku Sure Al-Humazah","پڑھیں سورہ Al-Humazah","读苏拉 Al-Humazah","Baca Surah Al-Humazah","Leer Sura Al-Humazah","Soma Sura Al-Humazah","Đọc Surah Al-Fil"
"اقرأ سورة Al-Ghashiyah","Read Surah Al-Lail","পড়ুন সূরা Al-Fil","خواندن سوره Al-Fil","Lire Sourate Al-Fil","Baca Surah Al-Fil","Leggi Sura Al-Fil","Lees Soera Al-Fil","Ler Surata Al-Fil","Читать Сура Al-Fil","Lexo Sure Al-Fil","อ่านซูเราะห์ Al-Fil","Oku Sure Al-Fil","پڑھیں سورہ Al-Fil","读苏拉 Al-Fil","Baca Surah Al-Fil","Leer Sura Al-Fil","Soma Sura Al-Fil","Đọc Surah Quraish"
"اقرأ سورة Al-Fajr","Read Surah Ad-Duha","পড়ুন সূরা Quraish","خواندن سوره Quraish","Lire Sourate Quraish","Baca Surah Quraish","Leggi Sura Quraish","Lees Soera Quraish","Ler Surata Quraish","Читать Сура Quraish","Lexo Sure Quraish","อ่านซูเราะห์ Quraish","Oku Sure Quraish","پڑھیں سورہ Quraish","读苏拉 Quraish","Baca Surah Quraish","Leer Sura Quraish","Soma Sura Quraish","Đọc Surah Al-Ma'un"
"اقرأ سورة Al-Balad","Read Surah Ash-Sharh","পড়ুন সূরা Al-Ma'un","خواندن سوره Al-Ma'un","Lire Sourate Al-Ma'un","Baca Surah Al-Ma'un","Leggi Sura Al-Ma'un","Lees Soera Al-Ma'un","Ler Surata Al-Ma'un","Читать Сура Al-Ma'un","Lexo Sure Al-Ma'un","อ่านซูเราะห์ Al-Ma'un","Oku Sure Al-Ma'un","پڑھیں سورہ Al-Ma'un","读苏拉 Al-Ma'un","Baca Surah Al-Ma'un","Leer Sura Al-Ma'un","Soma Sura Al-Ma'un","Đọc Surah Al-Kauthar"
"اقرأ سورة Ash-Shams","Read Surah At-Tin","পড়ুন সূরা Al-Kauthar","خواندن سوره Al-Kauthar","Lire Sourate Al-Kauthar","Baca Surah Al-Kauthar","Leggi Sura Al-Kauthar","Lees Soera Al-Kauthar","Ler Surata Al-Kauthar","Читать Сура Al-Kauthar","Lexo Sure Al-Kauthar","อ่านซูเราะห์ Al-Kauthar","Oku Sure Al-Kauthar","پڑھیں سورہ Al-Kauthar","读苏拉 Al-Kauthar","Baca Surah Al-Kauthar","Leer Sura Al-Kauthar","Soma Sura Al-Kauthar","Đọc Surah Al-Kafirun"
"اقرأ سورة Al-Lail","Read Surah Al-'Alaq","পড়ুন সূরা Al-Kafirun","خواندن سوره Al-Kafirun","Lire Sourate Al-Kafirun","Baca Surah Al-Kafirun","Leggi Sura Al-Kafirun","Lees Soera Al-Kafirun","Ler Surata Al-Kafirun","Читать Сура Al-Kafirun","Lexo Sure Al-Kafirun","อ่านซูเราะห์ Al-Kafirun","Oku Sure Al-Kafirun","پڑھیں سورہ Al-Kafirun","读苏拉 Al-Kafirun","Baca Surah Al-Kafirun","Leer Sura Al-Kafirun","Soma Sura Al-Kafirun","Đọc Surah An-Nasr"
"اقرأ سورة Ad-Duha","Read Surah Al-Qadr","পড়ুন সূরা An-Nasr","خواندن سوره An-Nasr","Lire Sourate An-Nasr","Baca Surah An-Nasr","Leggi Sura An-Nasr","Lees Soera An-Nasr","Ler Surata An-Nasr","Читать Сура An-Nasr","Lexo Sure An-Nasr","อ่านซูเราะห์ An-Nasr","Oku Sure An-Nasr","پڑھیں سورہ An-Nasr","读苏拉 An-Nasr","Baca Surah An-Nasr","Leer Sura An-Nasr","Soma Sura An-Nasr","Đọc Surah Al-Masad"
"اقرأ سورة Ash-Sharh","Read Surah Al-Bayyinah","পড়ুন সূরা Al-Masad","خواندن سوره Al-Masad","Lire Sourate Al-Masad","Baca Surah Al-Masad","Leggi Sura Al-Masad","Lees Soera Al-Masad","Ler Surata Al-Masad","Читать Сура Al-Masad","Lexo Sure Al-Masad","อ่านซูเราะห์ Al-Masad","Oku Sure Al-Masad","پڑھیں سورہ Al-Masad","读苏拉 Al-Masad","Baca Surah Al-Masad","Leer Sura Al-Masad","Soma Sura Al-Masad","Đọc Surah Al-Ikhlas"
"اقرأ سورة At-Tin","Read Surah Az-Zalzalah","পড়ুন সূরা Al-Ikhlas","خواندن سوره Al-Ikhlas","Lire Sourate Al-Ikhlas","Baca Surah Al-Ikhlas","Leggi Sura Al-Ikhlas","Lees Soera Al-Ikhlas","Ler Surata Al-Ikhlas","Читать Сура Al-Ikhlas","Lexo Sure Al-Ikhlas","อ่านซูเราะห์ Al-Ikhlas","Oku Sure Al-Ikhlas","پڑھیں سورہ Al-Ikhlas","读苏拉 Al-Ikhlas","Baca Surah Al-Ikhlas","Leer Sura Al-Ikhlas","Soma Sura Al-Ikhlas","Đọc Surah Al-Falaq"
"اقرأ سورة Al-'Alaq","Read Surah Al-'Adiyat","পড়ুন সূরা Al-Falaq","خواندن سوره Al-Falaq","Lire Sourate Al-Falaq","Baca Surah Al-Falaq","Leggi Sura Al-Falaq","Lees Soera Al-Falaq","Ler Surata Al-Falaq","Читать Сура Al-Falaq","Lexo Sure Al-Falaq","อ่านซูเราะห์ Al-Falaq","Oku Sure Al-Falaq","پڑھیں سورہ Al-Falaq","读苏拉 Al-Falaq","Baca Surah Al-Falaq","Leer Sura Al-Falaq","Soma Sura Al-Falaq","Đọc Surah An-Nas"
"اقرأ سورة Al-Qadr","Read Surah Al-Qari'ah","পড়ুন সূরা An-Nas","خواندن سوره An-Nas","Lire Sourate An-Nas","Baca Surah An-Nas","Leggi Sura An-Nas","Lees Soera An-Nas","Ler Surata An-Nas","Читать Сура An-Nas","Lexo Sure An-Nas","อ่านซูเราะห์ An-Nas","Oku Sure An-Nas","پڑھیں سورہ An-Nas","读苏拉 An-Nas","Baca Surah An-Nas","Leer Sura An-Nas","Soma Sura An-Nas","Nghe Surah Al-Fatihah"
"اقرأ سورة Al-Bayyinah","Read Surah At-Takathur","শুনুন সূরা Al-Fatihah","شنیدن سوره Al-Fatihah","Écouter Sourate Al-Fatihah","Dengarkan Surah Al-Fatihah","Ascolta Sura Al-Fatihah","Luister Soera Al-Fatihah","Ouvir Surata Al-Fatihah","Слушать Сура Al-Fatihah","Dëgjo Sure Al-Fatihah","ฟังซูเราะห์ Al-Fatihah","Dinle Sure Al-Fatihah","سنیں سورہ Al-Fatihah","听苏拉 Al-Fatihah","Dengar Surah Al-Fatihah","Escuchar Sura Al-Fatihah","Sikiliza Sura Al-Fatihah","Nghe Surah Al-Baqarah"
"اقرأ سورة Az-Zalzalah","Read Surah Al-'Asr","শুনুন সূরা Al-Baqarah","شنیدن سوره Al-Baqarah","Écouter Sourate Al-Baqarah","Dengarkan Surah Al-Baqarah","Ascolta Sura Al-Baqarah","Luister Soera Al-Baqarah","Ouvir Surata Al-Baqarah","Слушать Сура Al-Baqarah","Dëgjo Sure Al-Baqarah","ฟังซูเราะห์ Al-Baqarah","Dinle Sure Al-Baqarah","سنیں سورہ Al-Baqarah","听苏拉 Al-Baqarah","Dengar Surah Al-Baqarah","Escuchar Sura Al-Baqarah","Sikiliza Sura Al-Baqarah","Nghe Surah Ali Imran"
"اقرأ سورة Al-'Adiyat","Read Surah Al-Humazah","শুনুন সূরা Ali Imran","شنیدن سوره Ali Imran","Écouter Sourate Ali Imran","Dengarkan Surah Ali Imran","Ascolta Sura Ali Imran","Luister Soera Ali Imran","Ouvir Surata Ali Imran","Слушать Сура Ali Imran","Dëgjo Sure Ali Imran","ฟังซูเราะห์ Ali Imran","Dinle Sure Ali Imran","سنیں سورہ Ali Imran","听苏拉 Ali Imran","Dengar Surah Ali Imran","Escuchar Sura Ali Imran","Sikiliza Sura Ali Imran","Nghe Surah An-Nisa"
"اقرأ سورة Al-Qari'ah","Read Surah Al-Fil","শুনুন সূরা An-Nisa","شنیدن سوره An-Nisa","Écouter Sourate An-Nisa","Dengarkan Surah An-Nisa","Ascolta Sura An-Nisa","Luister Soera An-Nisa","Ouvir Surata An-Nisa","Слушать Сура An-Nisa","Dëgjo Sure An-Nisa","ฟังซูเราะห์ An-Nisa","Dinle Sure An-Nisa","سنیں سورہ An-Nisa","听苏拉 An-Nisa","Dengar Surah An-Nisa","Escuchar Sura An-Nisa","Sikiliza Sura An-Nisa","Nghe Surah Al-Ma'idah"
"اقرأ سورة At-Takathur","Read Surah Quraish","শুনুন সূরা Al-Ma'idah","شنیدن سوره Al-Ma'idah","Écouter Sourate Al-Ma'idah","Dengarkan Surah Al-Ma'idah","Ascolta Sura Al-Ma'idah","Luister Soera Al-Ma'idah","Ouvir Surata Al-Ma'idah","Слушать Сура Al-Ma'idah","Dëgjo Sure Al-Ma'idah","ฟังซูเราะห์ Al-Ma'idah","Dinle Sure Al-Ma'idah","سنیں سورہ Al-Ma'idah","听苏拉 Al-Ma'idah","Dengar Surah Al-Ma'idah","Escuchar Sura Al-Ma'idah","Sikiliza Sura Al-Ma'idah","Nghe Surah Al-An'am"
"اقرأ سورة Al-'Asr","Read Surah Al-Ma'un","শুনুন সূরা Al-An'am","شنیدن سوره Al-An'am","Écouter Sourate Al-An'am","Dengarkan Surah Al-An'am","Ascolta Sura Al-An'am","Luister Soera Al-An'am","Ouvir Surata Al-An'am","Слушать Сура Al-An'am","Dëgjo Sure Al-An'am","ฟังซูเราะห์ Al-An'am","Dinle Sure Al-An'am","سنیں سورہ Al-An'am","听苏拉 Al-An'am","Dengar Surah Al-An'am","Escuchar Sura Al-An'am","Sikiliza Sura Al-An'am","Nghe Surah Al-A'raf"
"اقرأ سورة Al-Humazah","Read Surah Al-Kauthar","শুনুন সূরা Al-A'raf","شنیدن سوره Al-A'raf","Écouter Sourate Al-A'raf","Dengarkan Surah Al-A'raf","Ascolta Sura Al-A'raf","Luister Soera Al-A'raf","Ouvir Surata Al-A'raf","Слушать Сура Al-A'raf","Dëgjo Sure Al-A'raf","ฟังซูเราะห์ Al-A'raf","Dinle Sure Al-A'raf","سنیں سورہ Al-A'raf","听苏拉 Al-A'raf","Dengar Surah Al-A'raf","Escuchar Sura Al-A'raf","Sikiliza Sura Al-A'raf","Nghe Surah Al-Anfal"
"اقرأ سورة Al-Fil","Read Surah Al-Kafirun","শুনুন সূরা Al-Anfal","شنیدن سوره Al-Anfal","Écouter Sourate Al-Anfal","Dengarkan Surah Al-Anfal","Ascolta Sura Al-Anfal","Luister Soera Al-Anfal","Ouvir Surata Al-Anfal","Слушать Сура Al-Anfal","Dëgjo Sure Al-Anfal","ฟังซูเราะห์ Al-Anfal","Dinle Sure Al-Anfal","سنیں سورہ Al-Anfal","听苏拉 Al-Anfal","Dengar Surah Al-Anfal","Escuchar Sura Al-Anfal","Sikiliza Sura Al-Anfal","Nghe Surah At-Tawbah"
"اقرأ سورة Quraish","Read Surah An-Nasr","শুনুন সূরা At-Tawbah","شنیدن سوره At-Tawbah","Écouter Sourate At-Tawbah","Dengarkan Surah At-Tawbah","Ascolta Sura At-Tawbah","Luister Soera At-Tawbah","Ouvir Surata At-Tawbah","Слушать Сура At-Tawbah","Dëgjo Sure At-Tawbah","ฟังซูเราะห์ At-Tawbah","Dinle Sure At-Tawbah","سنیں سورہ At-Tawbah","听苏拉 At-Tawbah","Dengar Surah At-Tawbah","Escuchar Sura At-Tawbah","Sikiliza Sura At-Tawbah","Nghe Surah Yunus"
"اقرأ سورة Al-Ma'un","Read Surah Al-Masad","শুনুন সূরা Yunus","شنیدن سوره Yunus","Écouter Sourate Yunus","Dengarkan Surah Yunus","Ascolta Sura Yunus","Luister Soera Yunus","Ouvir Surata Yunus","Слушать Сура Yunus","Dëgjo Sure Yunus","ฟังซูเราะห์ Yunus","Dinle Sure Yunus","سنیں سورہ Yunus","听苏拉 Yunus","Dengar Surah Yunus","Escuchar Sura Yunus","Sikiliza Sura Yunus","Nghe Surah Hud"
"اقرأ سورة Al-Kauthar","Read Surah Al-Ikhlas","শুনুন সূরা Hud","شنیدن سوره Hud","Écouter Sourate Hud","Dengarkan Surah Hud","Ascolta Sura Hud","Luister Soera Hud","Ouvir Surata Hud","Слушать Сура Hud","Dëgjo Sure Hud","ฟังซูเราะห์ Hud","Dinle Sure Hud","سنیں سورہ Hud","听苏拉 Hud","Dengar Surah Hud","Escuchar Sura Hud","Sikiliza Sura Hud","Nghe Surah Yusuf"
"اقرأ سورة Al-Kafirun","Read Surah Al-Falaq","শুনুন সূরা Yusuf","شنیدن سوره Yusuf","Écouter Sourate Yusuf","Dengarkan Surah Yusuf","Ascolta Sura Yusuf","Luister Soera Yusuf","Ouvir Surata Yusuf","Слушать Сура Yusuf","Dëgjo Sure Yusuf","ฟังซูเราะห์ Yusuf","Dinle Sure Yusuf","سنیں سورہ Yusuf","听苏拉 Yusuf","Dengar Surah Yusuf","Escuchar Sura Yusuf","Sikiliza Sura Yusuf","Nghe Surah Ar-Ra'd"
"اقرأ سورة An-Nasr","Read Surah An-Nas","শুনুন সূরা Ar-Ra'd","شنیدن سوره Ar-Ra'd","Écouter Sourate Ar-Ra'd","Dengarkan Surah Ar-Ra'd","Ascolta Sura Ar-Ra'd","Luister Soera Ar-Ra'd","Ouvir Surata Ar-Ra'd","Слушать Сура Ar-Ra'd","Dëgjo Sure Ar-Ra'd","ฟังซูเราะห์ Ar-Ra'd","Dinle Sure Ar-Ra'd","سنیں سورہ Ar-Ra'd","听苏拉 Ar-Ra'd","Dengar Surah Ar-Ra'd","Escuchar Sura Ar-Ra'd","Sikiliza Sura Ar-Ra'd","Nghe Surah Ibrahim"
"اقرأ سورة Al-Masad","Listen to Surah Al-Fatihah","শুনুন সূরা Ibrahim","شنیدن سوره Ibrahim","Écouter Sourate Ibrahim","Dengarkan Surah Ibrahim","Ascolta Sura Ibrahim","Luister Soera Ibrahim","Ouvir Surata Ibrahim","Слушать Сура Ibrahim","Dëgjo Sure Ibrahim","ฟังซูเราะห์ Ibrahim","Dinle Sure Ibrahim","سنیں سورہ Ibrahim","听苏拉 Ibrahim","Dengar Surah Ibrahim","Escuchar Sura Ibrahim","Sikiliza Sura Ibrahim","Nghe Surah Al-Hijr"
"اقرأ سورة Al-Ikhlas","Listen to Surah Al-Baqarah","শুনুন সূরা Al-Hijr","شنیدن سوره Al-Hijr","Écouter Sourate Al-Hijr","Dengarkan Surah Al-Hijr","Ascolta Sura Al-Hijr","Luister Soera Al-Hijr","Ouvir Surata Al-Hijr","Слушать Сура Al-Hijr","Dëgjo Sure Al-Hijr","ฟังซูเราะห์ Al-Hijr","Dinle Sure Al-Hijr","سنیں سورہ Al-Hijr","听苏拉 Al-Hijr","Dengar Surah Al-Hijr","Escuchar Sura Al-Hijr","Sikiliza Sura Al-Hijr","Nghe Surah An-Nahl"
"اقرأ سورة Al-Falaq","Listen to Surah Ali Imran","শুনুন সূরা An-Nahl","شنیدن سوره An-Nahl","Écouter Sourate An-Nahl","Dengarkan Surah An-Nahl","Ascolta Sura An-Nahl","Luister Soera An-Nahl","Ouvir Surata An-Nahl","Слушать Сура An-Nahl","Dëgjo Sure An-Nahl","ฟังซูเราะห์ An-Nahl","Dinle Sure An-Nahl","سنیں سورہ An-Nahl","听苏拉 An-Nahl","Dengar Surah An-Nahl","Escuchar Sura An-Nahl","Sikiliza Sura An-Nahl","Nghe Surah Al-Isra"
"اقرأ سورة An-Nas","Listen to Surah An-Nisa","শুনুন সূরা Al-Isra","شنیدن سوره Al-Isra","Écouter Sourate Al-Isra","Dengarkan Surah Al-Isra","Ascolta Sura Al-Isra","Luister Soera Al-Isra","Ouvir Surata Al-Isra","Слушать Сура Al-Isra","Dëgjo Sure Al-Isra","ฟังซูเราะห์ Al-Isra","Dinle Sure Al-Isra","سنیں سورہ Al-Isra","听苏拉 Al-Isra","Dengar Surah Al-Isra","Escuchar Sura Al-Isra","Sikiliza Sura Al-Isra","Nghe Surah Al-Kahf"
"استمع سورة Al-Fatihah","Listen to Surah Al-Ma'idah","শুনুন সূরা Al-Kahf","شنیدن سوره Al-Kahf","Écouter Sourate Al-Kahf","Dengarkan Surah Al-Kahf","Ascolta Sura Al-Kahf","Luister Soera Al-Kahf","Ouvir Surata Al-Kahf","Слушать Сура Al-Kahf","Dëgjo Sure Al-Kahf","ฟังซูเราะห์ Al-Kahf","Dinle Sure Al-Kahf","سنیں سورہ Al-Kahf","听苏拉 Al-Kahf","Dengar Surah Al-Kahf","Escuchar Sura Al-Kahf","Sikiliza Sura Al-Kahf","Nghe Surah Maryam"
"استمع سورة Al-Baqarah","Listen to Surah Al-An'am","শুনুন সূরা Maryam","شنیدن سوره Maryam","Écouter Sourate Maryam","Dengarkan Surah Maryam","Ascolta Sura Maryam","Luister Soera Maryam","Ouvir Surata Maryam","Слушать Сура Maryam","Dëgjo Sure Maryam","ฟังซูเราะห์ Maryam","Dinle Sure Maryam","سنیں سورہ Maryam","听苏拉 Maryam","Dengar Surah Maryam","Escuchar Sura Maryam","Sikiliza Sura Maryam","Nghe Surah Ta-Ha"
"استمع سورة Ali Imran","Listen to Surah Al-A'raf","শুনুন সূরা Ta-Ha","شنیدن سوره Ta-Ha","Écouter Sourate Ta-Ha","Dengarkan Surah Ta-Ha","Ascolta Sura Ta-Ha","Luister Soera Ta-Ha","Ouvir Surata Ta-Ha","Слушать Сура Ta-Ha","Dëgjo Sure Ta-Ha","ฟังซูเราะห์ Ta-Ha","Dinle Sure Ta-Ha","سنیں سورہ Ta-Ha","听苏拉 Ta-Ha","Dengar Surah Ta-Ha","Escuchar Sura Ta-Ha","Sikiliza Sura Ta-Ha","Nghe Surah Al-Anbiya"
"استمع سورة An-Nisa","Listen to Surah Al-Anfal","শুনুন সূরা Al-Anbiya","شنیدن سوره Al-Anbiya","Écouter Sourate Al-Anbiya","Dengarkan Surah Al-Anbiya","Ascolta Sura Al-Anbiya","Luister Soera Al-Anbiya","Ouvir Surata Al-Anbiya","Слушать Сура Al-Anbiya","Dëgjo Sure Al-Anbiya","ฟังซูเราะห์ Al-Anbiya","Dinle Sure Al-Anbiya","سنیں سورہ Al-Anbiya","听苏拉 Al-Anbiya","Dengar Surah Al-Anbiya","Escuchar Sura Al-Anbiya","Sikiliza Sura Al-Anbiya","Nghe Surah Al-Hajj"
"استمع سورة Al-Ma'idah","Listen to Surah At-Tawbah","শুনুন সূরা Al-Hajj","شنیدن سوره Al-Hajj","Écouter Sourate Al-Hajj","Dengarkan Surah Al-Hajj","Ascolta Sura Al-Hajj","Luister Soera Al-Hajj","Ouvir Surata Al-Hajj","Слушать Сура Al-Hajj","Dëgjo Sure Al-Hajj","ฟังซูเราะห์ Al-Hajj","Dinle Sure Al-Hajj","سنیں سورہ Al-Hajj","听苏拉 Al-Hajj","Dengar Surah Al-Hajj","Escuchar Sura Al-Hajj","Sikiliza Sura Al-Hajj","Nghe Surah Al-Mu'minun"
"استمع سورة Al-An'am","Listen to Surah Yunus","শুনুন সূরা Al-Mu'minun","شنیدن سوره Al-Mu'minun","Écouter Sourate Al-Mu'minun","Dengarkan Surah Al-Mu'minun","Ascolta Sura Al-Mu'minun","Luister Soera Al-Mu'minun","Ouvir Surata Al-Mu'minun","Слушать Сура Al-Mu'minun","Dëgjo Sure Al-Mu'minun","ฟังซูเราะห์ Al-Mu'minun","Dinle Sure Al-Mu'minun","سنیں سورہ Al-Mu'minun","听苏拉 Al-Mu'minun","Dengar Surah Al-Mu'minun","Escuchar Sura Al-Mu'minun","Sikiliza Sura Al-Mu'minun","Nghe Surah An-Nur"
"استمع سورة Al-A'raf","Listen to Surah Hud","শুনুন সূরা An-Nur","شنیدن سوره An-Nur","Écouter Sourate An-Nur","Dengarkan Surah An-Nur","Ascolta Sura An-Nur","Luister Soera An-Nur","Ouvir Surata An-Nur","Слушать Сура An-Nur","Dëgjo Sure An-Nur","ฟังซูเราะห์ An-Nur","Dinle Sure An-Nur","سنیں سورہ An-Nur","听苏拉 An-Nur","Dengar Surah An-Nur","Escuchar Sura An-Nur","Sikiliza Sura An-Nur","Nghe Surah Al-Furqan"
"استمع سورة Al-Anfal","Listen to Surah Yusuf","শুনুন সূরা Al-Furqan","شنیدن سوره Al-Furqan","Écouter Sourate Al-Furqan","Dengarkan Surah Al-Furqan","Ascolta Sura Al-Furqan","Luister Soera Al-Furqan","Ouvir Surata Al-Furqan","Слушать Сура Al-Furqan","Dëgjo Sure Al-Furqan","ฟังซูเราะห์ Al-Furqan","Dinle Sure Al-Furqan","سنیں سورہ Al-Furqan","听苏拉 Al-Furqan","Dengar Surah Al-Furqan","Escuchar Sura Al-Furqan","Sikiliza Sura Al-Furqan","Nghe Surah Ash-Shu'ara"
"استمع سورة At-Tawbah","Listen to Surah Ar-Ra'd","শুনুন সূরা Ash-Shu'ara","شنیدن سوره Ash-Shu'ara","Écouter Sourate Ash-Shu'ara","Dengarkan Surah Ash-Shu'ara","Ascolta Sura Ash-Shu'ara","Luister Soera Ash-Shu'ara","Ouvir Surata Ash-Shu'ara","Слушать Сура Ash-Shu'ara","Dëgjo Sure Ash-Shu'ara","ฟังซูเราะห์ Ash-Shu'ara","Dinle Sure Ash-Shu'ara","سنیں سورہ Ash-Shu'ara","听苏拉 Ash-Shu'ara","Dengar Surah Ash-Shu'ara","Escuchar Sura Ash-Shu'ara","Sikiliza Sura Ash-Shu'ara","Nghe Surah An-Naml"
"استمع سورة Yunus","Listen to Surah Ibrahim","শুনুন সূরা An-Naml","شنیدن سوره An-Naml","Écouter Sourate An-Naml","Dengarkan Surah An-Naml","Ascolta Sura An-Naml","Luister Soera An-Naml","Ouvir Surata An-Naml","Слушать Сура An-Naml","Dëgjo Sure An-Naml","ฟังซูเราะห์ An-Naml","Dinle Sure An-Naml","سنیں سورہ An-Naml","听苏拉 An-Naml","Dengar Surah An-Naml","Escuchar Sura An-Naml","Sikiliza Sura An-Naml","Nghe Surah Al-Qasas"
"استمع سورة Hud","Listen to Surah Al-Hijr","শুনুন সূরা Al-Qasas","شنیدن سوره Al-Qasas","Écouter Sourate Al-Qasas","Dengarkan Surah Al-Qasas","Ascolta Sura Al-Qasas","Luister Soera Al-Qasas","Ouvir Surata Al-Qasas","Слушать Сура Al-Qasas","Dëgjo Sure Al-Qasas","ฟังซูเราะห์ Al-Qasas","Dinle Sure Al-Qasas","سنیں سورہ Al-Qasas","听苏拉 Al-Qasas","Dengar Surah Al-Qasas","Escuchar Sura Al-Qasas","Sikiliza Sura Al-Qasas","Nghe Surah Al-'Ankabut"
"استمع سورة Yusuf","Listen to Surah An-Nahl","শুনুন সূরা Al-'Ankabut","شنیدن سوره Al-'Ankabut","Écouter Sourate Al-'Ankabut","Dengarkan Surah Al-'Ankabut","Ascolta Sura Al-'Ankabut","Luister Soera Al-'Ankabut","Ouvir Surata Al-'Ankabut","Слушать Сура Al-'Ankabut","Dëgjo Sure Al-'Ankabut","ฟังซูเราะห์ Al-'Ankabut","Dinle Sure Al-'Ankabut","سنیں سورہ Al-'Ankabut","听苏拉 Al-'Ankabut","Dengar Surah Al-'Ankabut","Escuchar Sura Al-'Ankabut","Sikiliza Sura Al-'Ankabut","Nghe Surah Ar-Rum"
"استمع سورة Ar-Ra'd","Listen to Surah Al-Isra","শুনুন সূরা Ar-Rum","شنیدن سوره Ar-Rum","Écouter Sourate Ar-Rum","Dengarkan Surah Ar-Rum","Ascolta Sura Ar-Rum","Luister Soera Ar-Rum","Ouvir Surata Ar-Rum","Слушать Сура Ar-Rum","Dëgjo Sure Ar-Rum","ฟังซูเราะห์ Ar-Rum","Dinle Sure Ar-Rum","سنیں سورہ Ar-Rum","听苏拉 Ar-Rum","Dengar Surah Ar-Rum","Escuchar Sura Ar-Rum","Sikiliza Sura Ar-Rum","Nghe Surah Luqman"
"استمع سورة Ibrahim","Listen to Surah Al-Kahf","শুনুন সূরা Luqman","شنیدن سوره Luqman","Écouter Sourate Luqman","Dengarkan Surah Luqman","Ascolta Sura Luqman","Luister Soera Luqman","Ouvir Surata Luqman","Слушать Сура Luqman","Dëgjo Sure Luqman","ฟังซูเราะห์ Luqman","Dinle Sure Luqman","سنیں سورہ Luqman","听苏拉 Luqman","Dengar Surah Luqman","Escuchar Sura Luqman","Sikiliza Sura Luqman","Nghe Surah As-Sajdah"
"استمع سورة Al-Hijr","Listen to Surah Maryam","শুনুন সূরা As-Sajdah","شنیدن سوره As-Sajdah","Écouter Sourate As-Sajdah","Dengarkan Surah As-Sajdah","Ascolta Sura As-Sajdah","Luister Soera As-Sajdah","Ouvir Surata As-Sajdah","Слушать Сура As-Sajdah","Dëgjo Sure As-Sajdah","ฟังซูเราะห์ As-Sajdah","Dinle Sure As-Sajdah","سنیں سورہ As-Sajdah","听苏拉 As-Sajdah","Dengar Surah As-Sajdah","Escuchar Sura As-Sajdah","Sikiliza Sura As-Sajdah","Nghe Surah Al-Ahzab"
"استمع سورة An-Nahl","Listen to Surah Ta-Ha","শুনুন সূরা Al-Ahzab","شنیدن سوره Al-Ahzab","Écouter Sourate Al-Ahzab","Dengarkan Surah Al-Ahzab","Ascolta Sura Al-Ahzab","Luister Soera Al-Ahzab","Ouvir Surata Al-Ahzab","Слушать Сура Al-Ahzab","Dëgjo Sure Al-Ahzab","ฟังซูเราะห์ Al-Ahzab","Dinle Sure Al-Ahzab","سنیں سورہ Al-Ahzab","听苏拉 Al-Ahzab","Dengar Surah Al-Ahzab","Escuchar Sura Al-Ahzab","Sikiliza Sura Al-Ahzab","Nghe Surah Saba"
"استمع سورة Al-Isra","Listen to Surah Al-Anbiya","শুনুন সূরা Saba","شنیدن سوره Saba","Écouter Sourate Saba","Dengarkan Surah Saba","Ascolta Sura Saba","Luister Soera Saba","Ouvir Surata Saba","Слушать Сура Saba","Dëgjo Sure Saba","ฟังซูเราะห์ Saba","Dinle Sure Saba","سنیں سورہ Saba","听苏拉 Saba","Dengar Surah Saba","Escuchar Sura Saba","Sikiliza Sura Saba","Nghe Surah Fatir"
"استمع سورة Al-Kahf","Listen to Surah Al-Hajj","শুনুন সূরা Fatir","شنیدن سوره Fatir","Écouter Sourate Fatir","Dengarkan Surah Fatir","Ascolta Sura Fatir","Luister Soera Fatir","Ouvir Surata Fatir","Слушать Сура Fatir","Dëgjo Sure Fatir","ฟังซูเราะห์ Fatir","Dinle Sure Fatir","سنیں سورہ Fatir","听苏拉 Fatir","Dengar Surah Fatir","Escuchar Sura Fatir","Sikiliza Sura Fatir","Nghe Surah Ya-Sin"
"استمع سورة Maryam","Listen to Surah Al-Mu'minun","শুনুন সূরা Ya-Sin","شنیدن سوره Ya-Sin","Écouter Sourate Ya-Sin","Dengarkan Surah Ya-Sin","Ascolta Sura Ya-Sin","Luister Soera Ya-Sin","Ouvir Surata Ya-Sin","Слушать Сура Ya-Sin","Dëgjo Sure Ya-Sin","ฟังซูเราะห์ Ya-Sin","Dinle Sure Ya-Sin","سنیں سورہ Ya-Sin","听苏拉 Ya-Sin","Dengar Surah Ya-Sin","Escuchar Sura Ya-Sin","Sikiliza Sura Ya-Sin","Nghe Surah As-Saffat"
"استمع سورة Ta-Ha","Listen to Surah An-Nur","শুনুন সূরা As-Saffat","شنیدن سوره As-Saffat","Écouter Sourate As-Saffat","Dengarkan Surah As-Saffat","Ascolta Sura As-Saffat","Luister Soera As-Saffat","Ouvir Surata As-Saffat","Слушать Сура As-Saffat","Dëgjo Sure As-Saffat","ฟังซูเราะห์ As-Saffat","Dinle Sure As-Saffat","سنیں سورہ As-Saffat","听苏拉 As-Saffat","Dengar Surah As-Saffat","Escuchar Sura As-Saffat","Sikiliza Sura As-Saffat","Nghe Surah Sad"
"استمع سورة Al-Anbiya","Listen to Surah Al-Furqan","শুনুন সূরা Sad","شنیدن سوره Sad","Écouter Sourate Sad","Dengarkan Surah Sad","Ascolta Sura Sad","Luister Soera Sad","Ouvir Surata Sad","Слушать Сура Sad","Dëgjo Sure Sad","ฟังซูเราะห์ Sad","Dinle Sure Sad","سنیں سورہ Sad","听苏拉 Sad","Dengar Surah Sad","Escuchar Sura Sad","Sikiliza Sura Sad","Nghe Surah Az-Zumar"
"استمع سورة Al-Hajj","Listen to Surah Ash-Shu'ara","শুনুন সূরা Az-Zumar","شنیدن سوره Az-Zumar","Écouter Sourate Az-Zumar","Dengarkan Surah Az-Zumar","Ascolta Sura Az-Zumar","Luister Soera Az-Zumar","Ouvir Surata Az-Zumar","Слушать Сура Az-Zumar","Dëgjo Sure Az-Zumar","ฟังซูเราะห์ Az-Zumar","Dinle Sure Az-Zumar","سنیں سورہ Az-Zumar","听苏拉 Az-Zumar","Dengar Surah Az-Zumar","Escuchar Sura Az-Zumar","Sikiliza Sura Az-Zumar","Nghe Surah Ghafir"
"استمع سورة Al-Mu'minun","Listen to Surah An-Naml","শুনুন সূরা Ghafir","شنیدن سوره Ghafir","Écouter Sourate Ghafir","Dengarkan Surah Ghafir","Ascolta Sura Ghafir","Luister Soera Ghafir","Ouvir Surata Ghafir","Слушать Сура Ghafir","Dëgjo Sure Ghafir","ฟังซูเราะห์ Ghafir","Dinle Sure Ghafir","سنیں سورہ Ghafir","听苏拉 Ghafir","Dengar Surah Ghafir","Escuchar Sura Ghafir","Sikiliza Sura Ghafir","Nghe Surah Fussilat"
"استمع سورة An-Nur","Listen to Surah Al-Qasas","শুনুন সূরা Fussilat","شنیدن سوره Fussilat","Écouter Sourate Fussilat","Dengarkan Surah Fussilat","Ascolta Sura Fussilat","Luister Soera Fussilat","Ouvir Surata Fussilat","Слушать Сура Fussilat","Dëgjo Sure Fussilat","ฟังซูเราะห์ Fussilat","Dinle Sure Fussilat","سنیں سورہ Fussilat","听苏拉 Fussilat","Dengar Surah Fussilat","Escuchar Sura Fussilat","Sikiliza Sura Fussilat","Nghe Surah Ash-Shura"
"استمع سورة Al-Furqan","Listen to Surah Al-'Ankabut","শুনুন সূরা Ash-Shura","شنیدن سوره Ash-Shura","Écouter Sourate Ash-Shura","Dengarkan Surah Ash-Shura","Ascolta Sura Ash-Shura","Luister Soera Ash-Shura","Ouvir Surata Ash-Shura","Слушать Сура Ash-Shura","Dëgjo Sure Ash-Shura","ฟังซูเราะห์ Ash-Shura","Dinle Sure Ash-Shura","سنیں سورہ Ash-Shura","听苏拉 Ash-Shura","Dengar Surah Ash-Shura","Escuchar Sura Ash-Shura","Sikiliza Sura Ash-Shura","Nghe Surah Az-Zukhruf"
"استمع سورة Ash-Shu'ara","Listen to Surah Ar-Rum","শুনুন সূরা Az-Zukhruf","شنیدن سوره Az-Zukhruf","Écouter Sourate Az-Zukhruf","Dengarkan Surah Az-Zukhruf","Ascolta Sura Az-Zukhruf","Luister Soera Az-Zukhruf","Ouvir Surata Az-Zukhruf","Слушать Сура Az-Zukhruf","Dëgjo Sure Az-Zukhruf","ฟังซูเราะห์ Az-Zukhruf","Dinle Sure Az-Zukhruf","سنیں سورہ Az-Zukhruf","听苏拉 Az-Zukhruf","Dengar Surah Az-Zukhruf","Escuchar Sura Az-Zukhruf","Sikiliza Sura Az-Zukhruf","Nghe Surah Ad-Dukhan"
"استمع سورة An-Naml","Listen to Surah Luqman","শুনুন সূরা Ad-Dukhan","شنیدن سوره Ad-Dukhan","Écouter Sourate Ad-Dukhan","Dengarkan Surah Ad-Dukhan","Ascolta Sura Ad-Dukhan","Luister Soera Ad-Dukhan","Ouvir Surata Ad-Dukhan","Слушать Сура Ad-Dukhan","Dëgjo Sure Ad-Dukhan","ฟังซูเราะห์ Ad-Dukhan","Dinle Sure Ad-Dukhan","سنیں سورہ Ad-Dukhan","听苏拉 Ad-Dukhan","Dengar Surah Ad-Dukhan","Escuchar Sura Ad-Dukhan","Sikiliza Sura Ad-Dukhan","Nghe Surah Al-Jathiyah"
"استمع سورة Al-Qasas","Listen to Surah As-Sajdah","শুনুন সূরা Al-Jathiyah","شنیدن سوره Al-Jathiyah","Écouter Sourate Al-Jathiyah","Dengarkan Surah Al-Jathiyah","Ascolta Sura Al-Jathiyah","Luister Soera Al-Jathiyah","Ouvir Surata Al-Jathiyah","Слушать Сура Al-Jathiyah","Dëgjo Sure Al-Jathiyah","ฟังซูเราะห์ Al-Jathiyah","Dinle Sure Al-Jathiyah","سنیں سورہ Al-Jathiyah","听苏拉 Al-Jathiyah","Dengar Surah Al-Jathiyah","Escuchar Sura Al-Jathiyah","Sikiliza Sura Al-Jathiyah","Nghe Surah Al-Ahqaf"
"استمع سورة Al-'Ankabut","Listen to Surah Al-Ahzab","শুনুন সূরা Al-Ahqaf","شنیدن سوره Al-Ahqaf","Écouter Sourate Al-Ahqaf","Dengarkan Surah Al-Ahqaf","Ascolta Sura Al-Ahqaf","Luister Soera Al-Ahqaf","Ouvir Surata Al-Ahqaf","Слушать Сура Al-Ahqaf","Dëgjo Sure Al-Ahqaf","ฟังซูเราะห์ Al-Ahqaf","Dinle Sure Al-Ahqaf","سنیں سورہ Al-Ahqaf","听苏拉 Al-Ahqaf","Dengar Surah Al-Ahqaf","Escuchar Sura Al-Ahqaf","Sikiliza Sura Al-Ahqaf","Nghe Surah Muhammad"
"استمع سورة Ar-Rum","Listen to Surah Saba","শুনুন সূরা Muhammad","شنیدن سوره Muhammad","Écouter Sourate Muhammad","Dengarkan Surah Muhammad","Ascolta Sura Muhammad","Luister Soera Muhammad","Ouvir Surata Muhammad","Слушать Сура Muhammad","Dëgjo Sure Muhammad","ฟังซูเราะห์ Muhammad","Dinle Sure Muhammad","سنیں سورہ Muhammad","听苏拉 Muhammad","Dengar Surah Muhammad","Escuchar Sura Muhammad","Sikiliza Sura Muhammad","Nghe Surah Al-Fath"
"استمع سورة Luqman","Listen to Surah Fatir","শুনুন সূরা Al-Fath","شنیدن سوره Al-Fath","Écouter Sourate Al-Fath","Dengarkan Surah Al-Fath","Ascolta Sura Al-Fath","Luister Soera Al-Fath","Ouvir Surata Al-Fath","Слушать Сура Al-Fath","Dëgjo Sure Al-Fath","ฟังซูเราะห์ Al-Fath","Dinle Sure Al-Fath","سنیں سورہ Al-Fath","听苏拉 Al-Fath","Dengar Surah Al-Fath","Escuchar Sura Al-Fath","Sikiliza Sura Al-Fath","Nghe Surah Al-Hujurat"
"استمع سورة As-Sajdah","Listen to Surah Ya-Sin","শুনুন সূরা Al-Hujurat","شنیدن سوره Al-Hujurat","Écouter Sourate Al-Hujurat","Dengarkan Surah Al-Hujurat","Ascolta Sura Al-Hujurat","Luister Soera Al-Hujurat","Ouvir Surata Al-Hujurat","Слушать Сура Al-Hujurat","Dëgjo Sure Al-Hujurat","ฟังซูเราะห์ Al-Hujurat","Dinle Sure Al-Hujurat","سنیں سورہ Al-Hujurat","听苏拉 Al-Hujurat","Dengar Surah Al-Hujurat","Escuchar Sura Al-Hujurat","Sikiliza Sura Al-Hujurat","Nghe Surah Qaf"
"استمع سورة Al-Ahzab","Listen to Surah As-Saffat","শুনুন সূরা Qaf","شنیدن سوره Qaf","Écouter Sourate Qaf","Dengarkan Surah Qaf","Ascolta Sura Qaf","Luister Soera Qaf","Ouvir Surata Qaf","Слушать Сура Qaf","Dëgjo Sure Qaf","ฟังซูเราะห์ Qaf","Dinle Sure Qaf","سنیں سورہ Qaf","听苏拉 Qaf","Dengar Surah Qaf","Escuchar Sura Qaf","Sikiliza Sura Qaf","Nghe Surah Ad-Zariyat"
"استمع سورة Saba","Listen to Surah Sad","শুনুন সূরা Ad-Zariyat","شنیدن سوره Ad-Zariyat","Écouter Sourate Ad-Zariyat","Dengarkan Surah Ad-Zariyat","Ascolta Sura Ad-Zariyat","Luister Soera Ad-Zariyat","Ouvir Surata Ad-Zariyat","Слушать Сура Ad-Zariyat","Dëgjo Sure Ad-Zariyat","ฟังซูเราะห์ Ad-Zariyat","Dinle Sure Ad-Zariyat","سنیں سورہ Ad-Zariyat","听苏拉 Ad-Zariyat","Dengar Surah Ad-Zariyat","Escuchar Sura Ad-Zariyat","Sikiliza Sura Ad-Zariyat","Nghe Surah At-Tur"
"استمع سورة Fatir","Listen to Surah Az-Zumar","শুনুন সূরা At-Tur","شنیدن سوره At-Tur","Écouter Sourate At-Tur","Dengarkan Surah At-Tur","Ascolta Sura At-Tur","Luister Soera At-Tur","Ouvir Surata At-Tur","Слушать Сура At-Tur","Dëgjo Sure At-Tur","ฟังซูเราะห์ At-Tur","Dinle Sure At-Tur","سنیں سورہ At-Tur","听苏拉 At-Tur","Dengar Surah At-Tur","Escuchar Sura At-Tur","Sikiliza Sura At-Tur","Nghe Surah An-Najm"
"استمع سورة Ya-Sin","Listen to Surah Ghafir","শুনুন সূরা An-Najm","شنیدن سوره An-Najm","Écouter Sourate An-Najm","Dengarkan Surah An-Najm","Ascolta Sura An-Najm","Luister Soera An-Najm","Ouvir Surata An-Najm","Слушать Сура An-Najm","Dëgjo Sure An-Najm","ฟังซูเราะห์ An-Najm","Dinle Sure An-Najm","سنیں سورہ An-Najm","听苏拉 An-Najm","Dengar Surah An-Najm","Escuchar Sura An-Najm","Sikiliza Sura An-Najm","Nghe Surah Al-Qamar"
"استمع سورة As-Saffat","Listen to Surah Fussilat","শুনুন সূরা Al-Qamar","شنیدن سوره Al-Qamar","Écouter Sourate Al-Qamar","Dengarkan Surah Al-Qamar","Ascolta Sura Al-Qamar","Luister Soera Al-Qamar","Ouvir Surata Al-Qamar","Слушать Сура Al-Qamar","Dëgjo Sure Al-Qamar","ฟังซูเราะห์ Al-Qamar","Dinle Sure Al-Qamar","سنیں سورہ Al-Qamar","听苏拉 Al-Qamar","Dengar Surah Al-Qamar","Escuchar Sura Al-Qamar","Sikiliza Sura Al-Qamar","Nghe Surah Ar-Rahman"
"استمع سورة Sad","Listen to Surah Ash-Shura","শুনুন সূরা Ar-Rahman","شنیدن سوره Ar-Rahman","Écouter Sourate Ar-Rahman","Dengarkan Surah Ar-Rahman","Ascolta Sura Ar-Rahman","Luister Soera Ar-Rahman","Ouvir Surata Ar-Rahman","Слушать Сура Ar-Rahman","Dëgjo Sure Ar-Rahman","ฟังซูเราะห์ Ar-Rahman","Dinle Sure Ar-Rahman","سنیں سورہ Ar-Rahman","听苏拉 Ar-Rahman","Dengar Surah Ar-Rahman","Escuchar Sura Ar-Rahman","Sikiliza Sura Ar-Rahman","Nghe Surah Al-Waqi'ah"
"استمع سورة Az-Zumar","Listen to Surah Az-Zukhruf","শুনুন সূরা Al-Waqi'ah","شنیدن سوره Al-Waqi'ah","Écouter Sourate Al-Waqi'ah","Dengarkan Surah Al-Waqi'ah","Ascolta Sura Al-Waqi'ah","Luister Soera Al-Waqi'ah","Ouvir Surata Al-Waqi'ah","Слушать Сура Al-Waqi'ah","Dëgjo Sure Al-Waqi'ah","ฟังซูเราะห์ Al-Waqi'ah","Dinle Sure Al-Waqi'ah","سنیں سورہ Al-Waqi'ah","听苏拉 Al-Waqi'ah","Dengar Surah Al-Waqi'ah","Escuchar Sura Al-Waqi'ah","Sikiliza Sura Al-Waqi'ah","Nghe Surah Al-Hadid"
"استمع سورة Ghafir","Listen to Surah Ad-Dukhan","শুনুন সূরা Al-Hadid","شنیدن سوره Al-Hadid","Écouter Sourate Al-Hadid","Dengarkan Surah Al-Hadid","Ascolta Sura Al-Hadid","Luister Soera Al-Hadid","Ouvir Surata Al-Hadid","Слушать Сура Al-Hadid","Dëgjo Sure Al-Hadid","ฟังซูเราะห์ Al-Hadid","Dinle Sure Al-Hadid","سنیں سورہ Al-Hadid","听苏拉 Al-Hadid","Dengar Surah Al-Hadid","Escuchar Sura Al-Hadid","Sikiliza Sura Al-Hadid","Nghe Surah Al-Mujadila"
"استمع سورة Fussilat","Listen to Surah Al-Jathiyah","শুনুন সূরা Al-Mujadila","شنیدن سوره Al-Mujadila","Écouter Sourate Al-Mujadila","Dengarkan Surah Al-Mujadila","Ascolta Sura Al-Mujadila","Luister Soera Al-Mujadila","Ouvir Surata Al-Mujadila","Слушать Сура Al-Mujadila","Dëgjo Sure Al-Mujadila","ฟังซูเราะห์ Al-Mujadila","Dinle Sure Al-Mujadila","سنیں سورہ Al-Mujadila","听苏拉 Al-Mujadila","Dengar Surah Al-Mujadila","Escuchar Sura Al-Mujadila","Sikiliza Sura Al-Mujadila","Nghe Surah Al-Hashr"
"استمع سورة Ash-Shura","Listen to Surah Al-Ahqaf","শুনুন সূরা Al-Hashr","شنیدن سوره Al-Hashr","Écouter Sourate Al-Hashr","Dengarkan Surah Al-Hashr","Ascolta Sura Al-Hashr","Luister Soera Al-Hashr","Ouvir Surata Al-Hashr","Слушать Сура Al-Hashr","Dëgjo Sure Al-Hashr","ฟังซูเราะห์ Al-Hashr","Dinle Sure Al-Hashr","سنیں سورہ Al-Hashr","听苏拉 Al-Hashr","Dengar Surah Al-Hashr","Escuchar Sura Al-Hashr","Sikiliza Sura Al-Hashr","Nghe Surah Al-Mumtahanah"
"استمع سورة Az-Zukhruf","Listen to Surah Muhammad","শুনুন সূরা Al-Mumtahanah","شنیدن سوره Al-Mumtahanah","Écouter Sourate Al-Mumtahanah","Dengarkan Surah Al-Mumtahanah","Ascolta Sura Al-Mumtahanah","Luister Soera Al-Mumtahanah","Ouvir Surata Al-Mumtahanah","Слушать Сура Al-Mumtahanah","Dëgjo Sure Al-Mumtahanah","ฟังซูเราะห์ Al-Mumtahanah","Dinle Sure Al-Mumtahanah","سنیں سورہ Al-Mumtahanah","听苏拉 Al-Mumtahanah","Dengar Surah Al-Mumtahanah","Escuchar Sura Al-Mumtahanah","Sikiliza Sura Al-Mumtahanah","Nghe Surah As-Saf"
"استمع سورة Ad-Dukhan","Listen to Surah Al-Fath","শুনুন সূরা As-Saf","شنیدن سوره As-Saf","Écouter Sourate As-Saf","Dengarkan Surah As-Saf","Ascolta Sura As-Saf","Luister Soera As-Saf","Ouvir Surata As-Saf","Слушать Сура As-Saf","Dëgjo Sure As-Saf","ฟังซูเราะห์ As-Saf","Dinle Sure As-Saf","سنیں سورہ As-Saf","听苏拉 As-Saf","Dengar Surah As-Saf","Escuchar Sura As-Saf","Sikiliza Sura As-Saf","Nghe Surah Al-Jumu'ah"
"استمع سورة Al-Jathiyah","Listen to Surah Al-Hujurat","শুনুন সূরা Al-Jumu'ah","شنیدن سوره Al-Jumu'ah","Écouter Sourate Al-Jumu'ah","Dengarkan Surah Al-Jumu'ah","Ascolta Sura Al-Jumu'ah","Luister Soera Al-Jumu'ah","Ouvir Surata Al-Jumu'ah","Слушать Сура Al-Jumu'ah","Dëgjo Sure Al-Jumu'ah","ฟังซูเราะห์ Al-Jumu'ah","Dinle Sure Al-Jumu'ah","سنیں سورہ Al-Jumu'ah","听苏拉 Al-Jumu'ah","Dengar Surah Al-Jumu'ah","Escuchar Sura Al-Jumu'ah","Sikiliza Sura Al-Jumu'ah","Nghe Surah Al-Munafiqun"
"استمع سورة Al-Ahqaf","Listen to Surah Qaf","শুনুন সূরা Al-Munafiqun","شنیدن سوره Al-Munafiqun","Écouter Sourate Al-Munafiqun","Dengarkan Surah Al-Munafiqun","Ascolta Sura Al-Munafiqun","Luister Soera Al-Munafiqun","Ouvir Surata Al-Munafiqun","Слушать Сура Al-Munafiqun","Dëgjo Sure Al-Munafiqun","ฟังซูเราะห์ Al-Munafiqun","Dinle Sure Al-Munafiqun","سنیں سورہ Al-Munafiqun","听苏拉 Al-Munafiqun","Dengar Surah Al-Munafiqun","Escuchar Sura Al-Munafiqun","Sikiliza Sura Al-Munafiqun","Nghe Surah At-Taghabun"
"استمع سورة Muhammad","Listen to Surah Ad-Zariyat","শুনুন সূরা At-Taghabun","شنیدن سوره At-Taghabun","Écouter Sourate At-Taghabun","Dengarkan Surah At-Taghabun","Ascolta Sura At-Taghabun","Luister Soera At-Taghabun","Ouvir Surata At-Taghabun","Слушать Сура At-Taghabun","Dëgjo Sure At-Taghabun","ฟังซูเราะห์ At-Taghabun","Dinle Sure At-Taghabun","سنیں سورہ At-Taghabun","听苏拉 At-Taghabun","Dengar Surah At-Taghabun","Escuchar Sura At-Taghabun","Sikiliza Sura At-Taghabun","Nghe Surah At-Talaq"
"استمع سورة Al-Fath","Listen to Surah At-Tur","শুনুন সূরা At-Talaq","شنیدن سوره At-Talaq","Écouter Sourate At-Talaq","Dengarkan Surah At-Talaq","Ascolta Sura At-Talaq","Luister Soera At-Talaq","Ouvir Surata At-Talaq","Слушать Сура At-Talaq","Dëgjo Sure At-Talaq","ฟังซูเราะห์ At-Talaq","Dinle Sure At-Talaq","سنیں سورہ At-Talaq","听苏拉 At-Talaq","Dengar Surah At-Talaq","Escuchar Sura At-Talaq","Sikiliza Sura At-Talaq","Nghe Surah At-Tahrim"
"استمع سورة Al-Hujurat","Listen to Surah An-Najm","শুনুন সূরা At-Tahrim","شنیدن سوره At-Tahrim","Écouter Sourate At-Tahrim","Dengarkan Surah At-Tahrim","Ascolta Sura At-Tahrim","Luister Soera At-Tahrim","Ouvir Surata At-Tahrim","Слушать Сура At-Tahrim","Dëgjo Sure At-Tahrim","ฟังซูเราะห์ At-Tahrim","Dinle Sure At-Tahrim","سنیں سورہ At-Tahrim","听苏拉 At-Tahrim","Dengar Surah At-Tahrim","Escuchar Sura At-Tahrim","Sikiliza Sura At-Tahrim","Nghe Surah Al-Mulk"
"استمع سورة Qaf","Listen to Surah Al-Qamar","শুনুন সূরা Al-Mulk","شنیدن سوره Al-Mulk","Écouter Sourate Al-Mulk","Dengarkan Surah Al-Mulk","Ascolta Sura Al-Mulk","Luister Soera Al-Mulk","Ouvir Surata Al-Mulk","Слушать Сура Al-Mulk","Dëgjo Sure Al-Mulk","ฟังซูเราะห์ Al-Mulk","Dinle Sure Al-Mulk","سنیں سورہ Al-Mulk","听苏拉 Al-Mulk","Dengar Surah Al-Mulk","Escuchar Sura Al-Mulk","Sikiliza Sura Al-Mulk","Nghe Surah Al-Qalam"
"استمع سورة Ad-Zariyat","Listen to Surah Ar-Rahman","শুনুন সূরা Al-Qalam","شنیدن سوره Al-Qalam","Écouter Sourate Al-Qalam","Dengarkan Surah Al-Qalam","Ascolta Sura Al-Qalam","Luister Soera Al-Qalam","Ouvir Surata Al-Qalam","Слушать Сура Al-Qalam","Dëgjo Sure Al-Qalam","ฟังซูเราะห์ Al-Qalam","Dinle Sure Al-Qalam","سنیں سورہ Al-Qalam","听苏拉 Al-Qalam","Dengar Surah Al-Qalam","Escuchar Sura Al-Qalam","Sikiliza Sura Al-Qalam","Nghe Surah Al-Haqqah"
"استمع سورة At-Tur","Listen to Surah Al-Waqi'ah","শুনুন সূরা Al-Haqqah","شنیدن سوره Al-Haqqah","Écouter Sourate Al-Haqqah","Dengarkan Surah Al-Haqqah","Ascolta Sura Al-Haqqah","Luister Soera Al-Haqqah","Ouvir Surata Al-Haqqah","Слушать Сура Al-Haqqah","Dëgjo Sure Al-Haqqah","ฟังซูเราะห์ Al-Haqqah","Dinle Sure Al-Haqqah","سنیں سورہ Al-Haqqah","听苏拉 Al-Haqqah","Dengar Surah Al-Haqqah","Escuchar Sura Al-Haqqah","Sikiliza Sura Al-Haqqah","Nghe Surah Al-Ma'arij"
"استمع سورة An-Najm","Listen to Surah Al-Hadid","শুনুন সূরা Al-Ma'arij","شنیدن سوره Al-Ma'arij","Écouter Sourate Al-Ma'arij","Dengarkan Surah Al-Ma'arij","Ascolta Sura Al-Ma'arij","Luister Soera Al-Ma'arij","Ouvir Surata Al-Ma'arij","Слушать Сура Al-Ma'arij","Dëgjo Sure Al-Ma'arij","ฟังซูเราะห์ Al-Ma'arij","Dinle Sure Al-Ma'arij","سنیں سورہ Al-Ma'arij","听苏拉 Al-Ma'arij","Dengar Surah Al-Ma'arij","Escuchar Sura Al-Ma'arij","Sikiliza Sura Al-Ma'arij","Nghe Surah Nuh"
"استمع سورة Al-Qamar","Listen to Surah Al-Mujadila","শুনুন সূরা Nuh","شنیدن سوره Nuh","Écouter Sourate Nuh","Dengarkan Surah Nuh","Ascolta Sura Nuh","Luister Soera Nuh","Ouvir Surata Nuh","Слушать Сура Nuh","Dëgjo Sure Nuh","ฟังซูเราะห์ Nuh","Dinle Sure Nuh","سنیں سورہ Nuh","听苏拉 Nuh","Dengar Surah Nuh","Escuchar Sura Nuh","Sikiliza Sura Nuh","Nghe Surah Al-Jinn"
"استمع سورة Ar-Rahman","Listen to Surah Al-Hashr","শুনুন সূরা Al-Jinn","شنیدن سوره Al-Jinn","Écouter Sourate Al-Jinn","Dengarkan Surah Al-Jinn","Ascolta Sura Al-Jinn","Luister Soera Al-Jinn","Ouvir Surata Al-Jinn","Слушать Сура Al-Jinn","Dëgjo Sure Al-Jinn","ฟังซูเราะห์ Al-Jinn","Dinle Sure Al-Jinn","سنیں سورہ Al-Jinn","听苏拉 Al-Jinn","Dengar Surah Al-Jinn","Escuchar Sura Al-Jinn","Sikiliza Sura Al-Jinn","Nghe Surah Al-Muzzammil"
"استمع سورة Al-Waqi'ah","Listen to Surah Al-Mumtahanah","শুনুন সূরা Al-Muzzammil","شنیدن سوره Al-Muzzammil","Écouter Sourate Al-Muzzammil","Dengarkan Surah Al-Muzzammil","Ascolta Sura Al-Muzzammil","Luister Soera Al-Muzzammil","Ouvir Surata Al-Muzzammil","Слушать Сура Al-Muzzammil","Dëgjo Sure Al-Muzzammil","ฟังซูเราะห์ Al-Muzzammil","Dinle Sure Al-Muzzammil","سنیں سورہ Al-Muzzammil","听苏拉 Al-Muzzammil","Dengar Surah Al-Muzzammil","Escuchar Sura Al-Muzzammil","Sikiliza Sura Al-Muzzammil","Nghe Surah Al-Muddaththir"
"استمع سورة Al-Hadid","Listen to Surah As-Saf","শুনুন সূরা Al-Muddaththir","شنیدن سوره Al-Muddaththir","Écouter Sourate Al-Muddaththir","Dengarkan Surah Al-Muddaththir","Ascolta Sura Al-Muddaththir","Luister Soera Al-Muddaththir","Ouvir Surata Al-Muddaththir","Слушать Сура Al-Muddaththir","Dëgjo Sure Al-Muddaththir","ฟังซูเราะห์ Al-Muddaththir","Dinle Sure Al-Muddaththir","سنیں سورہ Al-Muddaththir","听苏拉 Al-Muddaththir","Dengar Surah Al-Muddaththir","Escuchar Sura Al-Muddaththir","Sikiliza Sura Al-Muddaththir","Nghe Surah Al-Qiyamah"
"استمع سورة Al-Mujadila","Listen to Surah Al-Jumu'ah","শুনুন সূরা Al-Qiyamah","شنیدن سوره Al-Qiyamah","Écouter Sourate Al-Qiyamah","Dengarkan Surah Al-Qiyamah","Ascolta Sura Al-Qiyamah","Luister Soera Al-Qiyamah","Ouvir Surata Al-Qiyamah","Слушать Сура Al-Qiyamah","Dëgjo Sure Al-Qiyamah","ฟังซูเราะห์ Al-Qiyamah","Dinle Sure Al-Qiyamah","سنیں سورہ Al-Qiyamah","听苏拉 Al-Qiyamah","Dengar Surah Al-Qiyamah","Escuchar Sura Al-Qiyamah","Sikiliza Sura Al-Qiyamah","Nghe Surah Al-Insan"
"استمع سورة Al-Hashr","Listen to Surah Al-Munafiqun","শুনুন সূরা Al-Insan","شنیدن سوره Al-Insan","Écouter Sourate Al-Insan","Dengarkan Surah Al-Insan","Ascolta Sura Al-Insan","Luister Soera Al-Insan","Ouvir Surata Al-Insan","Слушать Сура Al-Insan","Dëgjo Sure Al-Insan","ฟังซูเราะห์ Al-Insan","Dinle Sure Al-Insan","سنیں سورہ Al-Insan","听苏拉 Al-Insan","Dengar Surah Al-Insan","Escuchar Sura Al-Insan","Sikiliza Sura Al-Insan","Nghe Surah Al-Mursalat"
"استمع سورة Al-Mumtahanah","Listen to Surah At-Taghabun","শুনুন সূরা Al-Mursalat","شنیدن سوره Al-Mursalat","Écouter Sourate Al-Mursalat","Dengarkan Surah Al-Mursalat","Ascolta Sura Al-Mursalat","Luister Soera Al-Mursalat","Ouvir Surata Al-Mursalat","Слушать Сура Al-Mursalat","Dëgjo Sure Al-Mursalat","ฟังซูเราะห์ Al-Mursalat","Dinle Sure Al-Mursalat","سنیں سورہ Al-Mursalat","听苏拉 Al-Mursalat","Dengar Surah Al-Mursalat","Escuchar Sura Al-Mursalat","Sikiliza Sura Al-Mursalat","Nghe Surah An-Naba"
"استمع سورة As-Saf","Listen to Surah At-Talaq","শুনুন সূরা An-Naba","شنیدن سوره An-Naba","Écouter Sourate An-Naba","Dengarkan Surah An-Naba","Ascolta Sura An-Naba","Luister Soera An-Naba","Ouvir Surata An-Naba","Слушать Сура An-Naba","Dëgjo Sure An-Naba","ฟังซูเราะห์ An-Naba","Dinle Sure An-Naba","سنیں سورہ An-Naba","听苏拉 An-Naba","Dengar Surah An-Naba","Escuchar Sura An-Naba","Sikiliza Sura An-Naba","Nghe Surah An-Nazi'at"
"استمع سورة Al-Jumu'ah","Listen to Surah At-Tahrim","শুনুন সূরা An-Nazi'at","شنیدن سوره An-Nazi'at","Écouter Sourate An-Nazi'at","Dengarkan Surah An-Nazi'at","Ascolta Sura An-Nazi'at","Luister Soera An-Nazi'at","Ouvir Surata An-Nazi'at","Слушать Сура An-Nazi'at","Dëgjo Sure An-Nazi'at","ฟังซูเราะห์ An-Nazi'at","Dinle Sure An-Nazi'at","سنیں سورہ An-Nazi'at","听苏拉 An-Nazi'at","Dengar Surah An-Nazi'at","Escuchar Sura An-Nazi'at","Sikiliza Sura An-Nazi'at","Nghe Surah 'Abasa"
"استمع سورة Al-Munafiqun","Listen to Surah Al-Mulk","শুনুন সূরা 'Abasa","شنیدن سوره 'Abasa","Écouter Sourate 'Abasa","Dengarkan Surah 'Abasa","Ascolta Sura 'Abasa","Luister Soera 'Abasa","Ouvir Surata 'Abasa","Слушать Сура 'Abasa","Dëgjo Sure 'Abasa","ฟังซูเราะห์ 'Abasa","Dinle Sure 'Abasa","سنیں سورہ 'Abasa","听苏拉 'Abasa","Dengar Surah 'Abasa","Escuchar Sura 'Abasa","Sikiliza Sura 'Abasa","Nghe Surah At-Takwir"
"استمع سورة At-Taghabun","Listen to Surah Al-Qalam","শুনুন সূরা At-Takwir","شنیدن سوره At-Takwir","Écouter Sourate At-Takwir","Dengarkan Surah At-Takwir","Ascolta Sura At-Takwir","Luister Soera At-Takwir","Ouvir Surata At-Takwir","Слушать Сура At-Takwir","Dëgjo Sure At-Takwir","ฟังซูเราะห์ At-Takwir","Dinle Sure At-Takwir","سنیں سورہ At-Takwir","听苏拉 At-Takwir","Dengar Surah At-Takwir","Escuchar Sura At-Takwir","Sikiliza Sura At-Takwir","Nghe Surah Al-Infitar"
"استمع سورة At-Talaq","Listen to Surah Al-Haqqah","শুনুন সূরা Al-Infitar","شنیدن سوره Al-Infitar","Écouter Sourate Al-Infitar","Dengarkan Surah Al-Infitar","Ascolta Sura Al-Infitar","Luister Soera Al-Infitar","Ouvir Surata Al-Infitar","Слушать Сура Al-Infitar","Dëgjo Sure Al-Infitar","ฟังซูเราะห์ Al-Infitar","Dinle Sure Al-Infitar","سنیں سورہ Al-Infitar","听苏拉 Al-Infitar","Dengar Surah Al-Infitar","Escuchar Sura Al-Infitar","Sikiliza Sura Al-Infitar","Nghe Surah Al-Mutaffifin"
"استمع سورة At-Tahrim","Listen to Surah Al-Ma'arij","শুনুন সূরা Al-Mutaffifin","شنیدن سوره Al-Mutaffifin","Écouter Sourate Al-Mutaffifin","Dengarkan Surah Al-Mutaffifin","Ascolta Sura Al-Mutaffifin","Luister Soera Al-Mutaffifin","Ouvir Surata Al-Mutaffifin","Слушать Сура Al-Mutaffifin","Dëgjo Sure Al-Mutaffifin","ฟังซูเราะห์ Al-Mutaffifin","Dinle Sure Al-Mutaffifin","سنیں سورہ Al-Mutaffifin","听苏拉 Al-Mutaffifin","Dengar Surah Al-Mutaffifin","Escuchar Sura Al-Mutaffifin","Sikiliza Sura Al-Mutaffifin","Nghe Surah Al-Inshiqaq"
"استمع سورة Al-Mulk","Listen to Surah Nuh","শুনুন সূরা Al-Inshiqaq","شنیدن سوره Al-Inshiqaq","Écouter Sourate Al-Inshiqaq","Dengarkan Surah Al-Inshiqaq","Ascolta Sura Al-Inshiqaq","Luister Soera Al-Inshiqaq","Ouvir Surata Al-Inshiqaq","Слушать Сура Al-Inshiqaq","Dëgjo Sure Al-Inshiqaq","ฟังซูเราะห์ Al-Inshiqaq","Dinle Sure Al-Inshiqaq","سنیں سورہ Al-Inshiqaq","听苏拉 Al-Inshiqaq","Dengar Surah Al-Inshiqaq","Escuchar Sura Al-Inshiqaq","Sikiliza Sura Al-Inshiqaq","Nghe Surah Al-Buruj"
"استمع سورة Al-Qalam","Listen to Surah Al-Jinn","শুনুন সূরা Al-Buruj","شنیدن سوره Al-Buruj","Écouter Sourate Al-Buruj","Dengarkan Surah Al-Buruj","Ascolta Sura Al-Buruj","Luister Soera Al-Buruj","Ouvir Surata Al-Buruj","Слушать Сура Al-Buruj","Dëgjo Sure Al-Buruj","ฟังซูเราะห์ Al-Buruj","Dinle Sure Al-Buruj","سنیں سورہ Al-Buruj","听苏拉 Al-Buruj","Dengar Surah Al-Buruj","Escuchar Sura Al-Buruj","Sikiliza Sura Al-Buruj","Nghe Surah At-Tariq"
"استمع سورة Al-Haqqah","Listen to Surah Al-Muzzammil","শুনুন সূরা At-Tariq","شنیدن سوره At-Tariq","Écouter Sourate At-Tariq","Dengarkan Surah At-Tariq","Ascolta Sura At-Tariq","Luister Soera At-Tariq","Ouvir Surata At-Tariq","Слушать Сура At-Tariq","Dëgjo Sure At-Tariq","ฟังซูเราะห์ At-Tariq","Dinle Sure At-Tariq","سنیں سورہ At-Tariq","听苏拉 At-Tariq","Dengar Surah At-Tariq","Escuchar Sura At-Tariq","Sikiliza Sura At-Tariq","Nghe Surah Al-A'la"
"استمع سورة Al-Ma'arij","Listen to Surah Al-Muddaththir","শুনুন সূরা Al-A'la","شنیدن سوره Al-A'la","Écouter Sourate Al-A'la","Dengarkan Surah Al-A'la","Ascolta Sura Al-A'la","Luister Soera Al-A'la","Ouvir Surata Al-A'la","Слушать Сура Al-A'la","Dëgjo Sure Al-A'la","ฟังซูเราะห์ Al-A'la","Dinle Sure Al-A'la","سنیں سورہ Al-A'la","听苏拉 Al-A'la","Dengar Surah Al-A'la","Escuchar Sura Al-A'la","Sikiliza Sura Al-A'la","Nghe Surah Al-Ghashiyah"
"استمع سورة Nuh","Listen to Surah Al-Qiyamah","শুনুন সূরা Al-Ghashiyah","شنیدن سوره Al-Ghashiyah","Écouter Sourate Al-Ghashiyah","Dengarkan Surah Al-Ghashiyah","Ascolta Sura Al-Ghashiyah","Luister Soera Al-Ghashiyah","Ouvir Surata Al-Ghashiyah","Слушать Сура Al-Ghashiyah","Dëgjo Sure Al-Ghashiyah","ฟังซูเราะห์ Al-Ghashiyah","Dinle Sure Al-Ghashiyah","سنیں سورہ Al-Ghashiyah","听苏拉 Al-Ghashiyah","Dengar Surah Al-Ghashiyah","Escuchar Sura Al-Ghashiyah","Sikiliza Sura Al-Ghashiyah","Nghe Surah Al-Fajr"
"استمع سورة Al-Jinn","Listen to Surah Al-Insan","শুনুন সূরা Al-Fajr","شنیدن سوره Al-Fajr","Écouter Sourate Al-Fajr","Dengarkan Surah Al-Fajr","Ascolta Sura Al-Fajr","Luister Soera Al-Fajr","Ouvir Surata Al-Fajr","Слушать Сура Al-Fajr","Dëgjo Sure Al-Fajr","ฟังซูเราะห์ Al-Fajr","Dinle Sure Al-Fajr","سنیں سورہ Al-Fajr","听苏拉 Al-Fajr","Dengar Surah Al-Fajr","Escuchar Sura Al-Fajr","Sikiliza Sura Al-Fajr","Nghe Surah Al-Balad"
"استمع سورة Al-Muzzammil","Listen to Surah Al-Mursalat","শুনুন সূরা Al-Balad","شنیدن سوره Al-Balad","Écouter Sourate Al-Balad","Dengarkan Surah Al-Balad","Ascolta Sura Al-Balad","Luister Soera Al-Balad","Ouvir Surata Al-Balad","Слушать Сура Al-Balad","Dëgjo Sure Al-Balad","ฟังซูเราะห์ Al-Balad","Dinle Sure Al-Balad","سنیں سورہ Al-Balad","听苏拉 Al-Balad","Dengar Surah Al-Balad","Escuchar Sura Al-Balad","Sikiliza Sura Al-Balad","Nghe Surah Ash-Shams"
"استمع سورة Al-Muddaththir","Listen to Surah An-Naba","শুনুন সূরা Ash-Shams","شنیدن سوره Ash-Shams","Écouter Sourate Ash-Shams","Dengarkan Surah Ash-Shams","Ascolta Sura Ash-Shams","Luister Soera Ash-Shams","Ouvir Surata Ash-Shams","Слушать Сура Ash-Shams","Dëgjo Sure Ash-Shams","ฟังซูเราะห์ Ash-Shams","Dinle Sure Ash-Shams","سنیں سورہ Ash-Shams","听苏拉 Ash-Shams","Dengar Surah Ash-Shams","Escuchar Sura Ash-Shams","Sikiliza Sura Ash-Shams","Nghe Surah Al-Lail"
"استمع سورة Al-Qiyamah","Listen to Surah An-Nazi'at","শুনুন সূরা Al-Lail","شنیدن سوره Al-Lail","Écouter Sourate Al-Lail","Dengarkan Surah Al-Lail","Ascolta Sura Al-Lail","Luister Soera Al-Lail","Ouvir Surata Al-Lail","Слушать Сура Al-Lail","Dëgjo Sure Al-Lail","ฟังซูเราะห์ Al-Lail","Dinle Sure Al-Lail","سنیں سورہ Al-Lail","听苏拉 Al-Lail","Dengar Surah Al-Lail","Escuchar Sura Al-Lail","Sikiliza Sura Al-Lail","Nghe Surah Ad-Duha"
"استمع سورة Al-Insan","Listen to Surah 'Abasa","শুনুন সূরা Ad-Duha","شنیدن سوره Ad-Duha","Écouter Sourate Ad-Duha","Dengarkan Surah Ad-Duha","Ascolta Sura Ad-Duha","Luister Soera Ad-Duha","Ouvir Surata Ad-Duha","Слушать Сура Ad-Duha","Dëgjo Sure Ad-Duha","ฟังซูเราะห์ Ad-Duha","Dinle Sure Ad-Duha","سنیں سورہ Ad-Duha","听苏拉 Ad-Duha","Dengar Surah Ad-Duha","Escuchar Sura Ad-Duha","Sikiliza Sura Ad-Duha","Nghe Surah Ash-Sharh"
"استمع سورة Al-Mursalat","Listen to Surah At-Takwir","শুনুন সূরা Ash-Sharh","شنیدن سوره Ash-Sharh","Écouter Sourate Ash-Sharh","Dengarkan Surah Ash-Sharh","Ascolta Sura Ash-Sharh","Luister Soera Ash-Sharh","Ouvir Surata Ash-Sharh","Слушать Сура Ash-Sharh","Dëgjo Sure Ash-Sharh","ฟังซูเราะห์ Ash-Sharh","Dinle Sure Ash-Sharh","سنیں سورہ Ash-Sharh","听苏拉 Ash-Sharh","Dengar Surah Ash-Sharh","Escuchar Sura Ash-Sharh","Sikiliza Sura Ash-Sharh","Nghe Surah At-Tin"
"استمع سورة An-Naba","Listen to Surah Al-Infitar","শুনুন সূরা At-Tin","شنیدن سوره At-Tin","Écouter Sourate At-Tin","Dengarkan Surah At-Tin","Ascolta Sura At-Tin","Luister Soera At-Tin","Ouvir Surata At-Tin","Слушать Сура At-Tin","Dëgjo Sure At-Tin","ฟังซูเราะห์ At-Tin","Dinle Sure At-Tin","سنیں سورہ At-Tin","听苏拉 At-Tin","Dengar Surah At-Tin","Escuchar Sura At-Tin","Sikiliza Sura At-Tin","Nghe Surah Al-'Alaq"
"استمع سورة An-Nazi'at","Listen to Surah Al-Mutaffifin","শুনুন সূরা Al-'Alaq","شنیدن سوره Al-'Alaq","Écouter Sourate Al-'Alaq","Dengarkan Surah Al-'Alaq","Ascolta Sura Al-'Alaq","Luister Soera Al-'Alaq","Ouvir Surata Al-'Alaq","Слушать Сура Al-'Alaq","Dëgjo Sure Al-'Alaq","ฟังซูเราะห์ Al-'Alaq","Dinle Sure Al-'Alaq","سنیں سورہ Al-'Alaq","听苏拉 Al-'Alaq","Dengar Surah Al-'Alaq","Escuchar Sura Al-'Alaq","Sikiliza Sura Al-'Alaq","Nghe Surah Al-Qadr"
"استمع سورة 'Abasa","Listen to Surah Al-Inshiqaq","শুনুন সূরা Al-Qadr","شنیدن سوره Al-Qadr","Écouter Sourate Al-Qadr","Dengarkan Surah Al-Qadr","Ascolta Sura Al-Qadr","Luister Soera Al-Qadr","Ouvir Surata Al-Qadr","Слушать Сура Al-Qadr","Dëgjo Sure Al-Qadr","ฟังซูเราะห์ Al-Qadr","Dinle Sure Al-Qadr","سنیں سورہ Al-Qadr","听苏拉 Al-Qadr","Dengar Surah Al-Qadr","Escuchar Sura Al-Qadr","Sikiliza Sura Al-Qadr","Nghe Surah Al-Bayyinah"
"استمع سورة At-Takwir","Listen to Surah Al-Buruj","শুনুন সূরা Al-Bayyinah","شنیدن سوره Al-Bayyinah","Écouter Sourate Al-Bayyinah","Dengarkan Surah Al-Bayyinah","Ascolta Sura Al-Bayyinah","Luister Soera Al-Bayyinah","Ouvir Surata Al-Bayyinah","Слушать Сура Al-Bayyinah","Dëgjo Sure Al-Bayyinah","ฟังซูเราะห์ Al-Bayyinah","Dinle Sure Al-Bayyinah","سنیں سورہ Al-Bayyinah","听苏拉 Al-Bayyinah","Dengar Surah Al-Bayyinah","Escuchar Sura Al-Bayyinah","Sikiliza Sura Al-Bayyinah","Nghe Surah Az-Zalzalah"
"استمع سورة Al-Infitar","Listen to Surah At-Tariq","শুনুন সূরা Az-Zalzalah","شنیدن سوره Az-Zalzalah","Écouter Sourate Az-Zalzalah","Dengarkan Surah Az-Zalzalah","Ascolta Sura Az-Zalzalah","Luister Soera Az-Zalzalah","Ouvir Surata Az-Zalzalah","Слушать Сура Az-Zalzalah","Dëgjo Sure Az-Zalzalah","ฟังซูเราะห์ Az-Zalzalah","Dinle Sure Az-Zalzalah","سنیں سورہ Az-Zalzalah","听苏拉 Az-Zalzalah","Dengar Surah Az-Zalzalah","Escuchar Sura Az-Zalzalah","Sikiliza Sura Az-Zalzalah","Nghe Surah Al-'Adiyat"
"استمع سورة Al-Mutaffifin","Listen to Surah Al-A'la","শুনুন সূরা Al-'Adiyat","شنیدن سوره Al-'Adiyat","Écouter Sourate Al-'Adiyat","Dengarkan Surah Al-'Adiyat","Ascolta Sura Al-'Adiyat","Luister Soera Al-'Adiyat","Ouvir Surata Al-'Adiyat","Слушать Сура Al-'Adiyat","Dëgjo Sure Al-'Adiyat","ฟังซูเราะห์ Al-'Adiyat","Dinle Sure Al-'Adiyat","سنیں سورہ Al-'Adiyat","听苏拉 Al-'Adiyat","Dengar Surah Al-'Adiyat","Escuchar Sura Al-'Adiyat","Sikiliza Sura Al-'Adiyat","Nghe Surah Al-Qari'ah"
"استمع سورة Al-Inshiqaq","Listen to Surah Al-Ghashiyah","শুনুন সূরা Al-Qari'ah","شنیدن سوره Al-Qari'ah","Écouter Sourate Al-Qari'ah","Dengarkan Surah Al-Qari'ah","Ascolta Sura Al-Qari'ah","Luister Soera Al-Qari'ah","Ouvir Surata Al-Qari'ah","Слушать Сура Al-Qari'ah","Dëgjo Sure Al-Qari'ah","ฟังซูเราะห์ Al-Qari'ah","Dinle Sure Al-Qari'ah","سنیں سورہ Al-Qari'ah","听苏拉 Al-Qari'ah","Dengar Surah Al-Qari'ah","Escuchar Sura Al-Qari'ah","Sikiliza Sura Al-Qari'ah","Nghe Surah At-Takathur"
"استمع سورة Al-Buruj","Listen to Surah Al-Fajr","শুনুন সূরা At-Takathur","شنیدن سوره At-Takathur","Écouter Sourate At-Takathur","Dengarkan Surah At-Takathur","Ascolta Sura At-Takathur","Luister Soera At-Takathur","Ouvir Surata At-Takathur","Слушать Сура At-Takathur","Dëgjo Sure At-Takathur","ฟังซูเราะห์ At-Takathur","Dinle Sure At-Takathur","سنیں سورہ At-Takathur","听苏拉 At-Takathur","Dengar Surah At-Takathur","Escuchar Sura At-Takathur","Sikiliza Sura At-Takathur","Nghe Surah Al-'Asr"
"استمع سورة At-Tariq","Listen to Surah Al-Balad","শুনুন সূরা Al-'Asr","شنیدن سوره Al-'Asr","Écouter Sourate Al-'Asr","Dengarkan Surah Al-'Asr","Ascolta Sura Al-'Asr","Luister Soera Al-'Asr","Ouvir Surata Al-'Asr","Слушать Сура Al-'Asr","Dëgjo Sure Al-'Asr","ฟังซูเราะห์ Al-'Asr","Dinle Sure Al-'Asr","سنیں سورہ Al-'Asr","听苏拉 Al-'Asr","Dengar Surah Al-'Asr","Escuchar Sura Al-'Asr","Sikiliza Sura Al-'Asr","Nghe Surah Al-Humazah"
"استمع سورة Al-A'la","Listen to Surah Ash-Shams","শুনুন সূরা Al-Humazah","شنیدن سوره Al-Humazah","Écouter Sourate Al-Humazah","Dengarkan Surah Al-Humazah","Ascolta Sura Al-Humazah","Luister Soera Al-Humazah","Ouvir Surata Al-Humazah","Слушать Сура Al-Humazah","Dëgjo Sure Al-Humazah","ฟังซูเราะห์ Al-Humazah","Dinle Sure Al-Humazah","سنیں سورہ Al-Humazah","听苏拉 Al-Humazah","Dengar Surah Al-Humazah","Escuchar Sura Al-Humazah","Sikiliza Sura Al-Humazah","Nghe Surah Al-Fil"
"استمع سورة Al-Ghashiyah","Listen to Surah Al-Lail","শুনুন সূরা Al-Fil","شنیدن سوره Al-Fil","Écouter Sourate Al-Fil","Dengarkan Surah Al-Fil","Ascolta Sura Al-Fil","Luister Soera Al-Fil","Ouvir Surata Al-Fil","Слушать Сура Al-Fil","Dëgjo Sure Al-Fil","ฟังซูเราะห์ Al-Fil","Dinle Sure Al-Fil","سنیں سورہ Al-Fil","听苏拉 Al-Fil","Dengar Surah Al-Fil","Escuchar Sura Al-Fil","Sikiliza Sura Al-Fil","Nghe Surah Quraish"
"استمع سورة Al-Fajr","Listen to Surah Ad-Duha","শুনুন সূরা Quraish","شنیدن سوره Quraish","Écouter Sourate Quraish","Dengarkan Surah Quraish","Ascolta Sura Quraish","Luister Soera Quraish","Ouvir Surata Quraish","Слушать Сура Quraish","Dëgjo Sure Quraish","ฟังซูเราะห์ Quraish","Dinle Sure Quraish","سنیں سورہ Quraish","听苏拉 Quraish","Dengar Surah Quraish","Escuchar Sura Quraish","Sikiliza Sura Quraish","Nghe Surah Al-Ma'un"
"استمع سورة Al-Balad","Listen to Surah Ash-Sharh","শুনুন সূরা Al-Ma'un","شنیدن سوره Al-Ma'un","Écouter Sourate Al-Ma'un","Dengarkan Surah Al-Ma'un","Ascolta Sura Al-Ma'un","Luister Soera Al-Ma'un","Ouvir Surata Al-Ma'un","Слушать Сура Al-Ma'un","Dëgjo Sure Al-Ma'un","ฟังซูเราะห์ Al-Ma'un","Dinle Sure Al-Ma'un","سنیں سورہ Al-Ma'un","听苏拉 Al-Ma'un","Dengar Surah Al-Ma'un","Escuchar Sura Al-Ma'un","Sikiliza Sura Al-Ma'un","Nghe Surah Al-Kauthar"
"استمع سورة Ash-Shams","Listen to Surah At-Tin","শুনুন সূরা Al-Kauthar","شنیدن سوره Al-Kauthar","Écouter Sourate Al-Kauthar","Dengarkan Surah Al-Kauthar","Ascolta Sura Al-Kauthar","Luister Soera Al-Kauthar","Ouvir Surata Al-Kauthar","Слушать Сура Al-Kauthar","Dëgjo Sure Al-Kauthar","ฟังซูเราะห์ Al-Kauthar","Dinle Sure Al-Kauthar","سنیں سورہ Al-Kauthar","听苏拉 Al-Kauthar","Dengar Surah Al-Kauthar","Escuchar Sura Al-Kauthar","Sikiliza Sura Al-Kauthar","Nghe Surah Al-Kafirun"
"استمع سورة Al-Lail","Listen to Surah Al-'Alaq","শুনুন সূরা Al-Kafirun","شنیدن سوره Al-Kafirun","Écouter Sourate Al-Kafirun","Dengarkan Surah Al-Kafirun","Ascolta Sura Al-Kafirun","Luister Soera Al-Kafirun","Ouvir Surata Al-Kafirun","Слушать Сура Al-Kafirun","Dëgjo Sure Al-Kafirun","ฟังซูเราะห์ Al-Kafirun","Dinle Sure Al-Kafirun","سنیں سورہ Al-Kafirun","听苏拉 Al-Kafirun","Dengar Surah Al-Kafirun","Escuchar Sura Al-Kafirun","Sikiliza Sura Al-Kafirun","Nghe Surah An-Nasr"
"استمع سورة Ad-Duha","Listen to Surah Al-Qadr","শুনুন সূরা An-Nasr","شنیدن سوره An-Nasr","Écouter Sourate An-Nasr","Dengarkan Surah An-Nasr","Ascolta Sura An-Nasr","Luister Soera An-Nasr","Ouvir Surata An-Nasr","Слушать Сура An-Nasr","Dëgjo Sure An-Nasr","ฟังซูเราะห์ An-Nasr","Dinle Sure An-Nasr","سنیں سورہ An-Nasr","听苏拉 An-Nasr","Dengar Surah An-Nasr","Escuchar Sura An-Nasr","Sikiliza Sura An-Nasr","Nghe Surah Al-Masad"
"استمع سورة Ash-Sharh","Listen to Surah Al-Bayyinah","শুনুন সূরা Al-Masad","شنیدن سوره Al-Masad","Écouter Sourate Al-Masad","Dengarkan Surah Al-Masad","Ascolta Sura Al-Masad","Luister Soera Al-Masad","Ouvir Surata Al-Masad","Слушать Сура Al-Masad","Dëgjo Sure Al-Masad","ฟังซูเราะห์ Al-Masad","Dinle Sure Al-Masad","سنیں سورہ Al-Masad","听苏拉 Al-Masad","Dengar Surah Al-Masad","Escuchar Sura Al-Masad","Sikiliza Sura Al-Masad","Nghe Surah Al-Ikhlas"
"استمع سورة At-Tin","Listen to Surah Az-Zalzalah","শুনুন সূরা Al-Ikhlas","شنیدن سوره Al-Ikhlas","Écouter Sourate Al-Ikhlas","Dengarkan Surah Al-Ikhlas","Ascolta Sura Al-Ikhlas","Luister Soera Al-Ikhlas","Ouvir Surata Al-Ikhlas","Слушать Сура Al-Ikhlas","Dëgjo Sure Al-Ikhlas","ฟังซูเราะห์ Al-Ikhlas","Dinle Sure Al-Ikhlas","سنیں سورہ Al-Ikhlas","听苏拉 Al-Ikhlas","Dengar Surah Al-Ikhlas","Escuchar Sura Al-Ikhlas","Sikiliza Sura Al-Ikhlas","Nghe Surah Al-Falaq"
"استمع سورة Al-'Alaq","Listen to Surah Al-'Adiyat","শুনুন সূরা Al-Falaq","شنیدن سوره Al-Falaq","Écouter Sourate Al-Falaq","Dengarkan Surah Al-Falaq","Ascolta Sura Al-Falaq","Luister Soera Al-Falaq","Ouvir Surata Al-Falaq","Слушать Сура Al-Falaq","Dëgjo Sure Al-Falaq","ฟังซูเราะห์ Al-Falaq","Dinle Sure Al-Falaq","سنیں سورہ Al-Falaq","听苏拉 Al-Falaq","Dengar Surah Al-Falaq","Escuchar Sura Al-Falaq","Sikiliza Sura Al-Falaq","Nghe Surah An-Nas"
"استمع سورة Al-Qadr","Listen to Surah Al-Qari'ah","শুনুন সূরা An-Nas","شنیدن سوره An-Nas","Écouter Sourate An-Nas","Dengarkan Surah An-Nas","Ascolta Sura An-Nas","Luister Soera An-Nas","Ouvir Surata An-Nas","Слушать Сура An-Nas","Dëgjo Sure An-Nas","ฟังซูเราะห์ An-Nas","Dinle Sure An-Nas","سنیں سورہ An-Nas","听苏拉 An-Nas","Dengar Surah An-Nas","Escuchar Sura An-Nas","Sikiliza Sura An-Nas","Tafsir Surah Al-Fatihah"
"استمع سورة Al-Bayyinah","Listen to Surah At-Takathur","তাফসির সূরা Al-Fatihah","تفسیر سوره Al-Fatihah","Tafsir Sourate Al-Fatihah","Tafsir Surah Al-Fatihah","Tafsir Sura Al-Fatihah","Tafsir Soera Al-Fatihah","Tafsir Surata Al-Fatihah","Тафсир Сура Al-Fatihah","Tefsir Sure Al-Fatihah","ตัฟซีรซูเราะห์ Al-Fatihah","Tefsir Sure Al-Fatihah","تفسیر سورہ Al-Fatihah","塔夫斯苏拉 Al-Fatihah","Tafsir Surah Al-Fatihah","Tafsir Sura Al-Fatihah","Tafsir Sura Al-Fatihah","Tafsir Surah Al-Baqarah"
"استمع سورة Az-Zalzalah","Listen to Surah Al-'Asr","তাফসির সূরা Al-Baqarah","تفسیر سوره Al-Baqarah","Tafsir Sourate Al-Baqarah","Tafsir Surah Al-Baqarah","Tafsir Sura Al-Baqarah","Tafsir Soera Al-Baqarah","Tafsir Surata Al-Baqarah","Тафсир Сура Al-Baqarah","Tefsir Sure Al-Baqarah","ตัฟซีรซูเราะห์ Al-Baqarah","Tefsir Sure Al-Baqarah","تفسیر سورہ Al-Baqarah","塔夫斯苏拉 Al-Baqarah","Tafsir Surah Al-Baqarah","Tafsir Sura Al-Baqarah","Tafsir Sura Al-Baqarah","Tafsir Surah Ali Imran"
"استمع سورة Al-'Adiyat","Listen to Surah Al-Humazah","তাফসির সূরা Ali Imran","تفسیر سوره Ali Imran","Tafsir Sourate Ali Imran","Tafsir Surah Ali Imran","Tafsir Sura Ali Imran","Tafsir Soera Ali Imran","Tafsir Surata Ali Imran","Тафсир Сура Ali Imran","Tefsir Sure Ali Imran","ตัฟซีรซูเราะห์ Ali Imran","Tefsir Sure Ali Imran","تفسیر سورہ Ali Imran","塔夫斯苏拉 Ali Imran","Tafsir Surah Ali Imran","Tafsir Sura Ali Imran","Tafsir Sura Ali Imran","Tafsir Surah An-Nisa"
"استمع سورة Al-Qari'ah","Listen to Surah Al-Fil","তাফসির সূরা An-Nisa","تفسیر سوره An-Nisa","Tafsir Sourate An-Nisa","Tafsir Surah An-Nisa","Tafsir Sura An-Nisa","Tafsir Soera An-Nisa","Tafsir Surata An-Nisa","Тафсир Сура An-Nisa","Tefsir Sure An-Nisa","ตัฟซีรซูเราะห์ An-Nisa","Tefsir Sure An-Nisa","تفسیر سورہ An-Nisa","塔夫斯苏拉 An-Nisa","Tafsir Surah An-Nisa","Tafsir Sura An-Nisa","Tafsir Sura An-Nisa","Tafsir Surah Al-Ma'idah"
"استمع سورة At-Takathur","Listen to Surah Quraish","তাফসির সূরা Al-Ma'idah","تفسیر سوره Al-Ma'idah","Tafsir Sourate Al-Ma'idah","Tafsir Surah Al-Ma'idah","Tafsir Sura Al-Ma'idah","Tafsir Soera Al-Ma'idah","Tafsir Surata Al-Ma'idah","Тафсир Сура Al-Ma'idah","Tefsir Sure Al-Ma'idah","ตัฟซีรซูเราะห์ Al-Ma'idah","Tefsir Sure Al-Ma'idah","تفسیر سورہ Al-Ma'idah","塔夫斯苏拉 Al-Ma'idah","Tafsir Surah Al-Ma'idah","Tafsir Sura Al-Ma'idah","Tafsir Sura Al-Ma'idah","Tafsir Surah Al-An'am"
"استمع سورة Al-'Asr","Listen to Surah Al-Ma'un","তাফসির সূরা Al-An'am","تفسیر سوره Al-An'am","Tafsir Sourate Al-An'am","Tafsir Surah Al-An'am","Tafsir Sura Al-An'am","Tafsir Soera Al-An'am","Tafsir Surata Al-An'am","Тафсир Сура Al-An'am","Tefsir Sure Al-An'am","ตัฟซีรซูเราะห์ Al-An'am","Tefsir Sure Al-An'am","تفسیر سورہ Al-An'am","塔夫斯苏拉 Al-An'am","Tafsir Surah Al-An'am","Tafsir Sura Al-An'am","Tafsir Sura Al-An'am","Tafsir Surah Al-A'raf"
"استمع سورة Al-Humazah","Listen to Surah Al-Kauthar","তাফসির সূরা Al-A'raf","تفسیر سوره Al-A'raf","Tafsir Sourate Al-A'raf","Tafsir Surah Al-A'raf","Tafsir Sura Al-A'raf","Tafsir Soera Al-A'raf","Tafsir Surata Al-A'raf","Тафсир Сура Al-A'raf","Tefsir Sure Al-A'raf","ตัฟซีรซูเราะห์ Al-A'raf","Tefsir Sure Al-A'raf","تفسیر سورہ Al-A'raf","塔夫斯苏拉 Al-A'raf","Tafsir Surah Al-A'raf","Tafsir Sura Al-A'raf","Tafsir Sura Al-A'raf","Tafsir Surah Al-Anfal"
"استمع سورة Al-Fil","Listen to Surah Al-Kafirun","তাফসির সূরা Al-Anfal","تفسیر سوره Al-Anfal","Tafsir Sourate Al-Anfal","Tafsir Surah Al-Anfal","Tafsir Sura Al-Anfal","Tafsir Soera Al-Anfal","Tafsir Surata Al-Anfal","Тафсир Сура Al-Anfal","Tefsir Sure Al-Anfal","ตัฟซีรซูเราะห์ Al-Anfal","Tefsir Sure Al-Anfal","تفسیر سورہ Al-Anfal","塔夫斯苏拉 Al-Anfal","Tafsir Surah Al-Anfal","Tafsir Sura Al-Anfal","Tafsir Sura Al-Anfal","Tafsir Surah At-Tawbah"
"استمع سورة Quraish","Listen to Surah An-Nasr","তাফসির সূরা At-Tawbah","تفسیر سوره At-Tawbah","Tafsir Sourate At-Tawbah","Tafsir Surah At-Tawbah","Tafsir Sura At-Tawbah","Tafsir Soera At-Tawbah","Tafsir Surata At-Tawbah","Тафсир Сура At-Tawbah","Tefsir Sure At-Tawbah","ตัฟซีรซูเราะห์ At-Tawbah","Tefsir Sure At-Tawbah","تفسیر سورہ At-Tawbah","塔夫斯苏拉 At-Tawbah","Tafsir Surah At-Tawbah","Tafsir Sura At-Tawbah","Tafsir Sura At-Tawbah","Tafsir Surah Yunus"
"استمع سورة Al-Ma'un","Listen to Surah Al-Masad","তাফসির সূরা Yunus","تفسیر سوره Yunus","Tafsir Sourate Yunus","Tafsir Surah Yunus","Tafsir Sura Yunus","Tafsir Soera Yunus","Tafsir Surata Yunus","Тафсир Сура Yunus","Tefsir Sure Yunus","ตัฟซีรซูเราะห์ Yunus","Tefsir Sure Yunus","تفسیر سورہ Yunus","塔夫斯苏拉 Yunus","Tafsir Surah Yunus","Tafsir Sura Yunus","Tafsir Sura Yunus","Tafsir Surah Hud"
"استمع سورة Al-Kauthar","Listen to Surah Al-Ikhlas","তাফসির সূরা Hud","تفسیر سوره Hud","Tafsir Sourate Hud","Tafsir Surah Hud","Tafsir Sura Hud","Tafsir Soera Hud","Tafsir Surata Hud","Тафсир Сура Hud","Tefsir Sure Hud","ตัฟซีรซูเราะห์ Hud","Tefsir Sure Hud","تفسیر سورہ Hud","塔夫斯苏拉 Hud","Tafsir Surah Hud","Tafsir Sura Hud","Tafsir Sura Hud","Tafsir Surah Yusuf"
"استمع سورة Al-Kafirun","Listen to Surah Al-Falaq","তাফসির সূরা Yusuf","تفسیر سوره Yusuf","Tafsir Sourate Yusuf","Tafsir Surah Yusuf","Tafsir Sura Yusuf","Tafsir Soera Yusuf","Tafsir Surata Yusuf","Тафсир Сура Yusuf","Tefsir Sure Yusuf","ตัฟซีรซูเราะห์ Yusuf","Tefsir Sure Yusuf","تفسیر سورہ Yusuf","塔夫斯苏拉 Yusuf","Tafsir Surah Yusuf","Tafsir Sura Yusuf","Tafsir Sura Yusuf","Tafsir Surah Ar-Ra'd"
"استمع سورة An-Nasr","Listen to Surah An-Nas","তাফসির সূরা Ar-Ra'd","تفسیر سوره Ar-Ra'd","Tafsir Sourate Ar-Ra'd","Tafsir Surah Ar-Ra'd","Tafsir Sura Ar-Ra'd","Tafsir Soera Ar-Ra'd","Tafsir Surata Ar-Ra'd","Тафсир Сура Ar-Ra'd","Tefsir Sure Ar-Ra'd","ตัฟซีรซูเราะห์ Ar-Ra'd","Tefsir Sure Ar-Ra'd","تفسیر سورہ Ar-Ra'd","塔夫斯苏拉 Ar-Ra'd","Tafsir Surah Ar-Ra'd","Tafsir Sura Ar-Ra'd","Tafsir Sura Ar-Ra'd","Tafsir Surah Ibrahim"
"استمع سورة Al-Masad","Tafsir of Surah Al-Fatihah","তাফসির সূরা Ibrahim","تفسیر سوره Ibrahim","Tafsir Sourate Ibrahim","Tafsir Surah Ibrahim","Tafsir Sura Ibrahim","Tafsir Soera Ibrahim","Tafsir Surata Ibrahim","Тафсир Сура Ibrahim","Tefsir Sure Ibrahim","ตัฟซีรซูเราะห์ Ibrahim","Tefsir Sure Ibrahim","تفسیر سورہ Ibrahim","塔夫斯苏拉 Ibrahim","Tafsir Surah Ibrahim","Tafsir Sura Ibrahim","Tafsir Sura Ibrahim","Tafsir Surah Al-Hijr"
"استمع سورة Al-Ikhlas","Tafsir of Surah Al-Baqarah","তাফসির সূরা Al-Hijr","تفسیر سوره Al-Hijr","Tafsir Sourate Al-Hijr","Tafsir Surah Al-Hijr","Tafsir Sura Al-Hijr","Tafsir Soera Al-Hijr","Tafsir Surata Al-Hijr","Тафсир Сура Al-Hijr","Tefsir Sure Al-Hijr","ตัฟซีรซูเราะห์ Al-Hijr","Tefsir Sure Al-Hijr","تفسیر سورہ Al-Hijr","塔夫斯苏拉 Al-Hijr","Tafsir Surah Al-Hijr","Tafsir Sura Al-Hijr","Tafsir Sura Al-Hijr","Tafsir Surah An-Nahl"
"استمع سورة Al-Falaq","Tafsir of Surah Ali Imran","তাফসির সূরা An-Nahl","تفسیر سوره An-Nahl","Tafsir Sourate An-Nahl","Tafsir Surah An-Nahl","Tafsir Sura An-Nahl","Tafsir Soera An-Nahl","Tafsir Surata An-Nahl","Тафсир Сура An-Nahl","Tefsir Sure An-Nahl","ตัฟซีรซูเราะห์ An-Nahl","Tefsir Sure An-Nahl","تفسیر سورہ An-Nahl","塔夫斯苏拉 An-Nahl","Tafsir Surah An-Nahl","Tafsir Sura An-Nahl","Tafsir Sura An-Nahl","Tafsir Surah Al-Isra"
"استمع سورة An-Nas","Tafsir of Surah An-Nisa","তাফসির সূরা Al-Isra","تفسیر سوره Al-Isra","Tafsir Sourate Al-Isra","Tafsir Surah Al-Isra","Tafsir Sura Al-Isra","Tafsir Soera Al-Isra","Tafsir Surata Al-Isra","Тафсир Сура Al-Isra","Tefsir Sure Al-Isra","ตัฟซีรซูเราะห์ Al-Isra","Tefsir Sure Al-Isra","تفسیر سورہ Al-Isra","塔夫斯苏拉 Al-Isra","Tafsir Surah Al-Isra","Tafsir Sura Al-Isra","Tafsir Sura Al-Isra","Tafsir Surah Al-Kahf"
"تفسير سورة Al-Fatihah","Tafsir of Surah Al-Ma'idah","তাফসির সূরা Al-Kahf","تفسیر سوره Al-Kahf","Tafsir Sourate Al-Kahf","Tafsir Surah Al-Kahf","Tafsir Sura Al-Kahf","Tafsir Soera Al-Kahf","Tafsir Surata Al-Kahf","Тафсир Сура Al-Kahf","Tefsir Sure Al-Kahf","ตัฟซีรซูเราะห์ Al-Kahf","Tefsir Sure Al-Kahf","تفسیر سورہ Al-Kahf","塔夫斯苏拉 Al-Kahf","Tafsir Surah Al-Kahf","Tafsir Sura Al-Kahf","Tafsir Sura Al-Kahf","Tafsir Surah Maryam"
"تفسير سورة Al-Baqarah","Tafsir of Surah Al-An'am","তাফসির সূরা Maryam","تفسیر سوره Maryam","Tafsir Sourate Maryam","Tafsir Surah Maryam","Tafsir Sura Maryam","Tafsir Soera Maryam","Tafsir Surata Maryam","Тафсир Сура Maryam","Tefsir Sure Maryam","ตัฟซีรซูเราะห์ Maryam","Tefsir Sure Maryam","تفسیر سورہ Maryam","塔夫斯苏拉 Maryam","Tafsir Surah Maryam","Tafsir Sura Maryam","Tafsir Sura Maryam","Tafsir Surah Ta-Ha"
"تفسير سورة Ali Imran","Tafsir of Surah Al-A'raf","তাফসির সূরা Ta-Ha","تفسیر سوره Ta-Ha","Tafsir Sourate Ta-Ha","Tafsir Surah Ta-Ha","Tafsir Sura Ta-Ha","Tafsir Soera Ta-Ha","Tafsir Surata Ta-Ha","Тафсир Сура Ta-Ha","Tefsir Sure Ta-Ha","ตัฟซีรซูเราะห์ Ta-Ha","Tefsir Sure Ta-Ha","تفسیر سورہ Ta-Ha","塔夫斯苏拉 Ta-Ha","Tafsir Surah Ta-Ha","Tafsir Sura Ta-Ha","Tafsir Sura Ta-Ha","Tafsir Surah Al-Anbiya"
"تفسير سورة An-Nisa","Tafsir of Surah Al-Anfal","তাফসির সূরা Al-Anbiya","تفسیر سوره Al-Anbiya","Tafsir Sourate Al-Anbiya","Tafsir Surah Al-Anbiya","Tafsir Sura Al-Anbiya","Tafsir Soera Al-Anbiya","Tafsir Surata Al-Anbiya","Тафсир Сура Al-Anbiya","Tefsir Sure Al-Anbiya","ตัฟซีรซูเราะห์ Al-Anbiya","Tefsir Sure Al-Anbiya","تفسیر سورہ Al-Anbiya","塔夫斯苏拉 Al-Anbiya","Tafsir Surah Al-Anbiya","Tafsir Sura Al-Anbiya","Tafsir Sura Al-Anbiya","Tafsir Surah Al-Hajj"
"تفسير سورة Al-Ma'idah","Tafsir of Surah At-Tawbah","তাফসির সূরা Al-Hajj","تفسیر سوره Al-Hajj","Tafsir Sourate Al-Hajj","Tafsir Surah Al-Hajj","Tafsir Sura Al-Hajj","Tafsir Soera Al-Hajj","Tafsir Surata Al-Hajj","Тафсир Сура Al-Hajj","Tefsir Sure Al-Hajj","ตัฟซีรซูเราะห์ Al-Hajj","Tefsir Sure Al-Hajj","تفسیر سورہ Al-Hajj","塔夫斯苏拉 Al-Hajj","Tafsir Surah Al-Hajj","Tafsir Sura Al-Hajj","Tafsir Sura Al-Hajj","Tafsir Surah Al-Mu'minun"
"تفسير سورة Al-An'am","Tafsir of Surah Yunus","তাফসির সূরা Al-Mu'minun","تفسیر سوره Al-Mu'minun","Tafsir Sourate Al-Mu'minun","Tafsir Surah Al-Mu'minun","Tafsir Sura Al-Mu'minun","Tafsir Soera Al-Mu'minun","Tafsir Surata Al-Mu'minun","Тафсир Сура Al-Mu'minun","Tefsir Sure Al-Mu'minun","ตัฟซีรซูเราะห์ Al-Mu'minun","Tefsir Sure Al-Mu'minun","تفسیر سورہ Al-Mu'minun","塔夫斯苏拉 Al-Mu'minun","Tafsir Surah Al-Mu'minun","Tafsir Sura Al-Mu'minun","Tafsir Sura Al-Mu'minun","Tafsir Surah An-Nur"
"تفسير سورة Al-A'raf","Tafsir of Surah Hud","তাফসির সূরা An-Nur","تفسیر سوره An-Nur","Tafsir Sourate An-Nur","Tafsir Surah An-Nur","Tafsir Sura An-Nur","Tafsir Soera An-Nur","Tafsir Surata An-Nur","Тафсир Сура An-Nur","Tefsir Sure An-Nur","ตัฟซีรซูเราะห์ An-Nur","Tefsir Sure An-Nur","تفسیر سورہ An-Nur","塔夫斯苏拉 An-Nur","Tafsir Surah An-Nur","Tafsir Sura An-Nur","Tafsir Sura An-Nur","Tafsir Surah Al-Furqan"
"تفسير سورة Al-Anfal","Tafsir of Surah Yusuf","তাফসির সূরা Al-Furqan","تفسیر سوره Al-Furqan","Tafsir Sourate Al-Furqan","Tafsir Surah Al-Furqan","Tafsir Sura Al-Furqan","Tafsir Soera Al-Furqan","Tafsir Surata Al-Furqan","Тафсир Сура Al-Furqan","Tefsir Sure Al-Furqan","ตัฟซีรซูเราะห์ Al-Furqan","Tefsir Sure Al-Furqan","تفسیر سورہ Al-Furqan","塔夫斯苏拉 Al-Furqan","Tafsir Surah Al-Furqan","Tafsir Sura Al-Furqan","Tafsir Sura Al-Furqan","Tafsir Surah Ash-Shu'ara"
"تفسير سورة At-Tawbah","Tafsir of Surah Ar-Ra'd","তাফসির সূরা Ash-Shu'ara","تفسیر سوره Ash-Shu'ara","Tafsir Sourate Ash-Shu'ara","Tafsir Surah Ash-Shu'ara","Tafsir Sura Ash-Shu'ara","Tafsir Soera Ash-Shu'ara","Tafsir Surata Ash-Shu'ara","Тафсир Сура Ash-Shu'ara","Tefsir Sure Ash-Shu'ara","ตัฟซีรซูเราะห์ Ash-Shu'ara","Tefsir Sure Ash-Shu'ara","تفسیر سورہ Ash-Shu'ara","塔夫斯苏拉 Ash-Shu'ara","Tafsir Surah Ash-Shu'ara","Tafsir Sura Ash-Shu'ara","Tafsir Sura Ash-Shu'ara","Tafsir Surah An-Naml"
"تفسير سورة Yunus","Tafsir of Surah Ibrahim","তাফসির সূরা An-Naml","تفسیر سوره An-Naml","Tafsir Sourate An-Naml","Tafsir Surah An-Naml","Tafsir Sura An-Naml","Tafsir Soera An-Naml","Tafsir Surata An-Naml","Тафсир Сура An-Naml","Tefsir Sure An-Naml","ตัฟซีรซูเราะห์ An-Naml","Tefsir Sure An-Naml","تفسیر سورہ An-Naml","塔夫斯苏拉 An-Naml","Tafsir Surah An-Naml","Tafsir Sura An-Naml","Tafsir Sura An-Naml","Tafsir Surah Al-Qasas"
"تفسير سورة Hud","Tafsir of Surah Al-Hijr","তাফসির সূরা Al-Qasas","تفسیر سوره Al-Qasas","Tafsir Sourate Al-Qasas","Tafsir Surah Al-Qasas","Tafsir Sura Al-Qasas","Tafsir Soera Al-Qasas","Tafsir Surata Al-Qasas","Тафсир Сура Al-Qasas","Tefsir Sure Al-Qasas","ตัฟซีรซูเราะห์ Al-Qasas","Tefsir Sure Al-Qasas","تفسیر سورہ Al-Qasas","塔夫斯苏拉 Al-Qasas","Tafsir Surah Al-Qasas","Tafsir Sura Al-Qasas","Tafsir Sura Al-Qasas","Tafsir Surah Al-'Ankabut"
"تفسير سورة Yusuf","Tafsir of Surah An-Nahl","তাফসির সূরা Al-'Ankabut","تفسیر سوره Al-'Ankabut","Tafsir Sourate Al-'Ankabut","Tafsir Surah Al-'Ankabut","Tafsir Sura Al-'Ankabut","Tafsir Soera Al-'Ankabut","Tafsir Surata Al-'Ankabut","Тафсир Сура Al-'Ankabut","Tefsir Sure Al-'Ankabut","ตัฟซีรซูเราะห์ Al-'Ankabut","Tefsir Sure Al-'Ankabut","تفسیر سورہ Al-'Ankabut","塔夫斯苏拉 Al-'Ankabut","Tafsir Surah Al-'Ankabut","Tafsir Sura Al-'Ankabut","Tafsir Sura Al-'Ankabut","Tafsir Surah Ar-Rum"
"تفسير سورة Ar-Ra'd","Tafsir of Surah Al-Isra","তাফসির সূরা Ar-Rum","تفسیر سوره Ar-Rum","Tafsir Sourate Ar-Rum","Tafsir Surah Ar-Rum","Tafsir Sura Ar-Rum","Tafsir Soera Ar-Rum","Tafsir Surata Ar-Rum","Тафсир Сура Ar-Rum","Tefsir Sure Ar-Rum","ตัฟซีรซูเราะห์ Ar-Rum","Tefsir Sure Ar-Rum","تفسیر سورہ Ar-Rum","塔夫斯苏拉 Ar-Rum","Tafsir Surah Ar-Rum","Tafsir Sura Ar-Rum","Tafsir Sura Ar-Rum","Tafsir Surah Luqman"
"تفسير سورة Ibrahim","Tafsir of Surah Al-Kahf","তাফসির সূরা Luqman","تفسیر سوره Luqman","Tafsir Sourate Luqman","Tafsir Surah Luqman","Tafsir Sura Luqman","Tafsir Soera Luqman","Tafsir Surata Luqman","Тафсир Сура Luqman","Tefsir Sure Luqman","ตัฟซีรซูเราะห์ Luqman","Tefsir Sure Luqman","تفسیر سورہ Luqman","塔夫斯苏拉 Luqman","Tafsir Surah Luqman","Tafsir Sura Luqman","Tafsir Sura Luqman","Tafsir Surah As-Sajdah"
"تفسير سورة Al-Hijr","Tafsir of Surah Maryam","তাফসির সূরা As-Sajdah","تفسیر سوره As-Sajdah","Tafsir Sourate As-Sajdah","Tafsir Surah As-Sajdah","Tafsir Sura As-Sajdah","Tafsir Soera As-Sajdah","Tafsir Surata As-Sajdah","Тафсир Сура As-Sajdah","Tefsir Sure As-Sajdah","ตัฟซีรซูเราะห์ As-Sajdah","Tefsir Sure As-Sajdah","تفسیر سورہ As-Sajdah","塔夫斯苏拉 As-Sajdah","Tafsir Surah As-Sajdah","Tafsir Sura As-Sajdah","Tafsir Sura As-Sajdah","Tafsir Surah Al-Ahzab"
"تفسير سورة An-Nahl","Tafsir of Surah Ta-Ha","তাফসির সূরা Al-Ahzab","تفسیر سوره Al-Ahzab","Tafsir Sourate Al-Ahzab","Tafsir Surah Al-Ahzab","Tafsir Sura Al-Ahzab","Tafsir Soera Al-Ahzab","Tafsir Surata Al-Ahzab","Тафсир Сура Al-Ahzab","Tefsir Sure Al-Ahzab","ตัฟซีรซูเราะห์ Al-Ahzab","Tefsir Sure Al-Ahzab","تفسیر سورہ Al-Ahzab","塔夫斯苏拉 Al-Ahzab","Tafsir Surah Al-Ahzab","Tafsir Sura Al-Ahzab","Tafsir Sura Al-Ahzab","Tafsir Surah Saba"
"تفسير سورة Al-Isra","Tafsir of Surah Al-Anbiya","তাফসির সূরা Saba","تفسیر سوره Saba","Tafsir Sourate Saba","Tafsir Surah Saba","Tafsir Sura Saba","Tafsir Soera Saba","Tafsir Surata Saba","Тафсир Сура Saba","Tefsir Sure Saba","ตัฟซีรซูเราะห์ Saba","Tefsir Sure Saba","تفسیر سورہ Saba","塔夫斯苏拉 Saba","Tafsir Surah Saba","Tafsir Sura Saba","Tafsir Sura Saba","Tafsir Surah Fatir"
"تفسير سورة Al-Kahf","Tafsir of Surah Al-Hajj","তাফসির সূরা Fatir","تفسیر سوره Fatir","Tafsir Sourate Fatir","Tafsir Surah Fatir","Tafsir Sura Fatir","Tafsir Soera Fatir","Tafsir Surata Fatir","Тафсир Сура Fatir","Tefsir Sure Fatir","ตัฟซีรซูเราะห์ Fatir","Tefsir Sure Fatir","تفسیر سورہ Fatir","塔夫斯苏拉 Fatir","Tafsir Surah Fatir","Tafsir Sura Fatir","Tafsir Sura Fatir","Tafsir Surah Ya-Sin"
"تفسير سورة Maryam","Tafsir of Surah Al-Mu'minun","তাফসির সূরা Ya-Sin","تفسیر سوره Ya-Sin","Tafsir Sourate Ya-Sin","Tafsir Surah Ya-Sin","Tafsir Sura Ya-Sin","Tafsir Soera Ya-Sin","Tafsir Surata Ya-Sin","Тафсир Сура Ya-Sin","Tefsir Sure Ya-Sin","ตัฟซีรซูเราะห์ Ya-Sin","Tefsir Sure Ya-Sin","تفسیر سورہ Ya-Sin","塔夫斯苏拉 Ya-Sin","Tafsir Surah Ya-Sin","Tafsir Sura Ya-Sin","Tafsir Sura Ya-Sin","Tafsir Surah As-Saffat"
"تفسير سورة Ta-Ha","Tafsir of Surah An-Nur","তাফসির সূরা As-Saffat","تفسیر سوره As-Saffat","Tafsir Sourate As-Saffat","Tafsir Surah As-Saffat","Tafsir Sura As-Saffat","Tafsir Soera As-Saffat","Tafsir Surata As-Saffat","Тафсир Сура As-Saffat","Tefsir Sure As-Saffat","ตัฟซีรซูเราะห์ As-Saffat","Tefsir Sure As-Saffat","تفسیر سورہ As-Saffat","塔夫斯苏拉 As-Saffat","Tafsir Surah As-Saffat","Tafsir Sura As-Saffat","Tafsir Sura As-Saffat","Tafsir Surah Sad"
"تفسير سورة Al-Anbiya","Tafsir of Surah Al-Furqan","তাফসির সূরা Sad","تفسیر سوره Sad","Tafsir Sourate Sad","Tafsir Surah Sad","Tafsir Sura Sad","Tafsir Soera Sad","Tafsir Surata Sad","Тафсир Сура Sad","Tefsir Sure Sad","ตัฟซีรซูเราะห์ Sad","Tefsir Sure Sad","تفسیر سورہ Sad","塔夫斯苏拉 Sad","Tafsir Surah Sad","Tafsir Sura Sad","Tafsir Sura Sad","Tafsir Surah Az-Zumar"
"تفسير سورة Al-Hajj","Tafsir of Surah Ash-Shu'ara","তাফসির সূরা Az-Zumar","تفسیر سوره Az-Zumar","Tafsir Sourate Az-Zumar","Tafsir Surah Az-Zumar","Tafsir Sura Az-Zumar","Tafsir Soera Az-Zumar","Tafsir Surata Az-Zumar","Тафсир Сура Az-Zumar","Tefsir Sure Az-Zumar","ตัฟซีรซูเราะห์ Az-Zumar","Tefsir Sure Az-Zumar","تفسیر سورہ Az-Zumar","塔夫斯苏拉 Az-Zumar","Tafsir Surah Az-Zumar","Tafsir Sura Az-Zumar","Tafsir Sura Az-Zumar","Tafsir Surah Ghafir"
"تفسير سورة Al-Mu'minun","Tafsir of Surah An-Naml","তাফসির সূরা Ghafir","تفسیر سوره Ghafir","Tafsir Sourate Ghafir","Tafsir Surah Ghafir","Tafsir Sura Ghafir","Tafsir Soera Ghafir","Tafsir Surata Ghafir","Тафсир Сура Ghafir","Tefsir Sure Ghafir","ตัฟซีรซูเราะห์ Ghafir","Tefsir Sure Ghafir","تفسیر سورہ Ghafir","塔夫斯苏拉 Ghafir","Tafsir Surah Ghafir","Tafsir Sura Ghafir","Tafsir Sura Ghafir","Tafsir Surah Fussilat"
"تفسير سورة An-Nur","Tafsir of Surah Al-Qasas","তাফসির সূরা Fussilat","تفسیر سوره Fussilat","Tafsir Sourate Fussilat","Tafsir Surah Fussilat","Tafsir Sura Fussilat","Tafsir Soera Fussilat","Tafsir Surata Fussilat","Тафсир Сура Fussilat","Tefsir Sure Fussilat","ตัฟซีรซูเราะห์ Fussilat","Tefsir Sure Fussilat","تفسیر سورہ Fussilat","塔夫斯苏拉 Fussilat","Tafsir Surah Fussilat","Tafsir Sura Fussilat","Tafsir Sura Fussilat","Tafsir Surah Ash-Shura"
"تفسير سورة Al-Furqan","Tafsir of Surah Al-'Ankabut","তাফসির সূরা Ash-Shura","تفسیر سوره Ash-Shura","Tafsir Sourate Ash-Shura","Tafsir Surah Ash-Shura","Tafsir Sura Ash-Shura","Tafsir Soera Ash-Shura","Tafsir Surata Ash-Shura","Тафсир Сура Ash-Shura","Tefsir Sure Ash-Shura","ตัฟซีรซูเราะห์ Ash-Shura","Tefsir Sure Ash-Shura","تفسیر سورہ Ash-Shura","塔夫斯苏拉 Ash-Shura","Tafsir Surah Ash-Shura","Tafsir Sura Ash-Shura","Tafsir Sura Ash-Shura","Tafsir Surah Az-Zukhruf"
"تفسير سورة Ash-Shu'ara","Tafsir of Surah Ar-Rum","তাফসির সূরা Az-Zukhruf","تفسیر سوره Az-Zukhruf","Tafsir Sourate Az-Zukhruf","Tafsir Surah Az-Zukhruf","Tafsir Sura Az-Zukhruf","Tafsir Soera Az-Zukhruf","Tafsir Surata Az-Zukhruf","Тафсир Сура Az-Zukhruf","Tefsir Sure Az-Zukhruf","ตัฟซีรซูเราะห์ Az-Zukhruf","Tefsir Sure Az-Zukhruf","تفسیر سورہ Az-Zukhruf","塔夫斯苏拉 Az-Zukhruf","Tafsir Surah Az-Zukhruf","Tafsir Sura Az-Zukhruf","Tafsir Sura Az-Zukhruf","Tafsir Surah Ad-Dukhan"
"تفسير سورة An-Naml","Tafsir of Surah Luqman","তাফসির সূরা Ad-Dukhan","تفسیر سوره Ad-Dukhan","Tafsir Sourate Ad-Dukhan","Tafsir Surah Ad-Dukhan","Tafsir Sura Ad-Dukhan","Tafsir Soera Ad-Dukhan","Tafsir Surata Ad-Dukhan","Тафсир Сура Ad-Dukhan","Tefsir Sure Ad-Dukhan","ตัฟซีรซูเราะห์ Ad-Dukhan","Tefsir Sure Ad-Dukhan","تفسیر سورہ Ad-Dukhan","塔夫斯苏拉 Ad-Dukhan","Tafsir Surah Ad-Dukhan","Tafsir Sura Ad-Dukhan","Tafsir Sura Ad-Dukhan","Tafsir Surah Al-Jathiyah"
"تفسير سورة Al-Qasas","Tafsir of Surah As-Sajdah","তাফসির সূরা Al-Jathiyah","تفسیر سوره Al-Jathiyah","Tafsir Sourate Al-Jathiyah","Tafsir Surah Al-Jathiyah","Tafsir Sura Al-Jathiyah","Tafsir Soera Al-Jathiyah","Tafsir Surata Al-Jathiyah","Тафсир Сура Al-Jathiyah","Tefsir Sure Al-Jathiyah","ตัฟซีรซูเราะห์ Al-Jathiyah","Tefsir Sure Al-Jathiyah","تفسیر سورہ Al-Jathiyah","塔夫斯苏拉 Al-Jathiyah","Tafsir Surah Al-Jathiyah","Tafsir Sura Al-Jathiyah","Tafsir Sura Al-Jathiyah","Tafsir Surah Al-Ahqaf"
"تفسير سورة Al-'Ankabut","Tafsir of Surah Al-Ahzab","তাফসির সূরা Al-Ahqaf","تفسیر سوره Al-Ahqaf","Tafsir Sourate Al-Ahqaf","Tafsir Surah Al-Ahqaf","Tafsir Sura Al-Ahqaf","Tafsir Soera Al-Ahqaf","Tafsir Surata Al-Ahqaf","Тафсир Сура Al-Ahqaf","Tefsir Sure Al-Ahqaf","ตัฟซีรซูเราะห์ Al-Ahqaf","Tefsir Sure Al-Ahqaf","تفسیر سورہ Al-Ahqaf","塔夫斯苏拉 Al-Ahqaf","Tafsir Surah Al-Ahqaf","Tafsir Sura Al-Ahqaf","Tafsir Sura Al-Ahqaf","Tafsir Surah Muhammad"
"تفسير سورة Ar-Rum","Tafsir of Surah Saba","তাফসির সূরা Muhammad","تفسیر سوره Muhammad","Tafsir Sourate Muhammad","Tafsir Surah Muhammad","Tafsir Sura Muhammad","Tafsir Soera Muhammad","Tafsir Surata Muhammad","Тафсир Сура Muhammad","Tefsir Sure Muhammad","ตัฟซีรซูเราะห์ Muhammad","Tefsir Sure Muhammad","تفسیر سورہ Muhammad","塔夫斯苏拉 Muhammad","Tafsir Surah Muhammad","Tafsir Sura Muhammad","Tafsir Sura Muhammad","Tafsir Surah Al-Fath"
"تفسير سورة Luqman","Tafsir of Surah Fatir","তাফসির সূরা Al-Fath","تفسیر سوره Al-Fath","Tafsir Sourate Al-Fath","Tafsir Surah Al-Fath","Tafsir Sura Al-Fath","Tafsir Soera Al-Fath","Tafsir Surata Al-Fath","Тафсир Сура Al-Fath","Tefsir Sure Al-Fath","ตัฟซีรซูเราะห์ Al-Fath","Tefsir Sure Al-Fath","تفسیر سورہ Al-Fath","塔夫斯苏拉 Al-Fath","Tafsir Surah Al-Fath","Tafsir Sura Al-Fath","Tafsir Sura Al-Fath","Tafsir Surah Al-Hujurat"
"تفسير سورة As-Sajdah","Tafsir of Surah Ya-Sin","তাফসির সূরা Al-Hujurat","تفسیر سوره Al-Hujurat","Tafsir Sourate Al-Hujurat","Tafsir Surah Al-Hujurat","Tafsir Sura Al-Hujurat","Tafsir Soera Al-Hujurat","Tafsir Surata Al-Hujurat","Тафсир Сура Al-Hujurat","Tefsir Sure Al-Hujurat","ตัฟซีรซูเราะห์ Al-Hujurat","Tefsir Sure Al-Hujurat","تفسیر سورہ Al-Hujurat","塔夫斯苏拉 Al-Hujurat","Tafsir Surah Al-Hujurat","Tafsir Sura Al-Hujurat","Tafsir Sura Al-Hujurat","Tafsir Surah Qaf"
"تفسير سورة Al-Ahzab","Tafsir of Surah As-Saffat","তাফসির সূরা Qaf","تفسیر سوره Qaf","Tafsir Sourate Qaf","Tafsir Surah Qaf","Tafsir Sura Qaf","Tafsir Soera Qaf","Tafsir Surata Qaf","Тафсир Сура Qaf","Tefsir Sure Qaf","ตัฟซีรซูเราะห์ Qaf","Tefsir Sure Qaf","تفسیر سورہ Qaf","塔夫斯苏拉 Qaf","Tafsir Surah Qaf","Tafsir Sura Qaf","Tafsir Sura Qaf","Tafsir Surah Ad-Zariyat"
"تفسير سورة Saba","Tafsir of Surah Sad","তাফসির সূরা Ad-Zariyat","تفسیر سوره Ad-Zariyat","Tafsir Sourate Ad-Zariyat","Tafsir Surah Ad-Zariyat","Tafsir Sura Ad-Zariyat","Tafsir Soera Ad-Zariyat","Tafsir Surata Ad-Zariyat","Тафсир Сура Ad-Zariyat","Tefsir Sure Ad-Zariyat","ตัฟซีรซูเราะห์ Ad-Zariyat","Tefsir Sure Ad-Zariyat","تفسیر سورہ Ad-Zariyat","塔夫斯苏拉 Ad-Zariyat","Tafsir Surah Ad-Zariyat","Tafsir Sura Ad-Zariyat","Tafsir Sura Ad-Zariyat","Tafsir Surah At-Tur"
"تفسير سورة Fatir","Tafsir of Surah Az-Zumar","তাফসির সূরা At-Tur","تفسیر سوره At-Tur","Tafsir Sourate At-Tur","Tafsir Surah At-Tur","Tafsir Sura At-Tur","Tafsir Soera At-Tur","Tafsir Surata At-Tur","Тафсир Сура At-Tur","Tefsir Sure At-Tur","ตัฟซีรซูเราะห์ At-Tur","Tefsir Sure At-Tur","تفسیر سورہ At-Tur","塔夫斯苏拉 At-Tur","Tafsir Surah At-Tur","Tafsir Sura At-Tur","Tafsir Sura At-Tur","Tafsir Surah An-Najm"
"تفسير سورة Ya-Sin","Tafsir of Surah Ghafir","তাফসির সূরা An-Najm","تفسیر سوره An-Najm","Tafsir Sourate An-Najm","Tafsir Surah An-Najm","Tafsir Sura An-Najm","Tafsir Soera An-Najm","Tafsir Surata An-Najm","Тафсир Сура An-Najm","Tefsir Sure An-Najm","ตัฟซีรซูเราะห์ An-Najm","Tefsir Sure An-Najm","تفسیر سورہ An-Najm","塔夫斯苏拉 An-Najm","Tafsir Surah An-Najm","Tafsir Sura An-Najm","Tafsir Sura An-Najm","Tafsir Surah Al-Qamar"
"تفسير سورة As-Saffat","Tafsir of Surah Fussilat","তাফসির সূরা Al-Qamar","تفسیر سوره Al-Qamar","Tafsir Sourate Al-Qamar","Tafsir Surah Al-Qamar","Tafsir Sura Al-Qamar","Tafsir Soera Al-Qamar","Tafsir Surata Al-Qamar","Тафсир Сура Al-Qamar","Tefsir Sure Al-Qamar","ตัฟซีรซูเราะห์ Al-Qamar","Tefsir Sure Al-Qamar","تفسیر سورہ Al-Qamar","塔夫斯苏拉 Al-Qamar","Tafsir Surah Al-Qamar","Tafsir Sura Al-Qamar","Tafsir Sura Al-Qamar","Tafsir Surah Ar-Rahman"
"تفسير سورة Sad","Tafsir of Surah Ash-Shura","তাফসির সূরা Ar-Rahman","تفسیر سوره Ar-Rahman","Tafsir Sourate Ar-Rahman","Tafsir Surah Ar-Rahman","Tafsir Sura Ar-Rahman","Tafsir Soera Ar-Rahman","Tafsir Surata Ar-Rahman","Тафсир Сура Ar-Rahman","Tefsir Sure Ar-Rahman","ตัฟซีรซูเราะห์ Ar-Rahman","Tefsir Sure Ar-Rahman","تفسیر سورہ Ar-Rahman","塔夫斯苏拉 Ar-Rahman","Tafsir Surah Ar-Rahman","Tafsir Sura Ar-Rahman","Tafsir Sura Ar-Rahman","Tafsir Surah Al-Waqi'ah"
"تفسير سورة Az-Zumar","Tafsir of Surah Az-Zukhruf","তাফসির সূরা Al-Waqi'ah","تفسیر سوره Al-Waqi'ah","Tafsir Sourate Al-Waqi'ah","Tafsir Surah Al-Waqi'ah","Tafsir Sura Al-Waqi'ah","Tafsir Soera Al-Waqi'ah","Tafsir Surata Al-Waqi'ah","Тафсир Сура Al-Waqi'ah","Tefsir Sure Al-Waqi'ah","ตัฟซีรซูเราะห์ Al-Waqi'ah","Tefsir Sure Al-Waqi'ah","تفسیر سورہ Al-Waqi'ah","塔夫斯苏拉 Al-Waqi'ah","Tafsir Surah Al-Waqi'ah","Tafsir Sura Al-Waqi'ah","Tafsir Sura Al-Waqi'ah","Tafsir Surah Al-Hadid"
"تفسير سورة Ghafir","Tafsir of Surah Ad-Dukhan","তাফসির সূরা Al-Hadid","تفسیر سوره Al-Hadid","Tafsir Sourate Al-Hadid","Tafsir Surah Al-Hadid","Tafsir Sura Al-Hadid","Tafsir Soera Al-Hadid","Tafsir Surata Al-Hadid","Тафсир Сура Al-Hadid","Tefsir Sure Al-Hadid","ตัฟซีรซูเราะห์ Al-Hadid","Tefsir Sure Al-Hadid","تفسیر سورہ Al-Hadid","塔夫斯苏拉 Al-Hadid","Tafsir Surah Al-Hadid","Tafsir Sura Al-Hadid","Tafsir Sura Al-Hadid","Tafsir Surah Al-Mujadila"
"تفسير سورة Fussilat","Tafsir of Surah Al-Jathiyah","তাফসির সূরা Al-Mujadila","تفسیر سوره Al-Mujadila","Tafsir Sourate Al-Mujadila","Tafsir Surah Al-Mujadila","Tafsir Sura Al-Mujadila","Tafsir Soera Al-Mujadila","Tafsir Surata Al-Mujadila","Тафсир Сура Al-Mujadila","Tefsir Sure Al-Mujadila","ตัฟซีรซูเราะห์ Al-Mujadila","Tefsir Sure Al-Mujadila","تفسیر سورہ Al-Mujadila","塔夫斯苏拉 Al-Mujadila","Tafsir Surah Al-Mujadila","Tafsir Sura Al-Mujadila","Tafsir Sura Al-Mujadila","Tafsir Surah Al-Hashr"
"تفسير سورة Ash-Shura","Tafsir of Surah Al-Ahqaf","তাফসির সূরা Al-Hashr","تفسیر سوره Al-Hashr","Tafsir Sourate Al-Hashr","Tafsir Surah Al-Hashr","Tafsir Sura Al-Hashr","Tafsir Soera Al-Hashr","Tafsir Surata Al-Hashr","Тафсир Сура Al-Hashr","Tefsir Sure Al-Hashr","ตัฟซีรซูเราะห์ Al-Hashr","Tefsir Sure Al-Hashr","تفسیر سورہ Al-Hashr","塔夫斯苏拉 Al-Hashr","Tafsir Surah Al-Hashr","Tafsir Sura Al-Hashr","Tafsir Sura Al-Hashr","Tafsir Surah Al-Mumtahanah"
"تفسير سورة Az-Zukhruf","Tafsir of Surah Muhammad","তাফসির সূরা Al-Mumtahanah","تفسیر سوره Al-Mumtahanah","Tafsir Sourate Al-Mumtahanah","Tafsir Surah Al-Mumtahanah","Tafsir Sura Al-Mumtahanah","Tafsir Soera Al-Mumtahanah","Tafsir Surata Al-Mumtahanah","Тафсир Сура Al-Mumtahanah","Tefsir Sure Al-Mumtahanah","ตัฟซีรซูเราะห์ Al-Mumtahanah","Tefsir Sure Al-Mumtahanah","تفسیر سورہ Al-Mumtahanah","塔夫斯苏拉 Al-Mumtahanah","Tafsir Surah Al-Mumtahanah","Tafsir Sura Al-Mumtahanah","Tafsir Sura Al-Mumtahanah","Tafsir Surah As-Saf"
"تفسير سورة Ad-Dukhan","Tafsir of Surah Al-Fath","তাফসির সূরা As-Saf","تفسیر سوره As-Saf","Tafsir Sourate As-Saf","Tafsir Surah As-Saf","Tafsir Sura As-Saf","Tafsir Soera As-Saf","Tafsir Surata As-Saf","Тафсир Сура As-Saf","Tefsir Sure As-Saf","ตัฟซีรซูเราะห์ As-Saf","Tefsir Sure As-Saf","تفسیر سورہ As-Saf","塔夫斯苏拉 As-Saf","Tafsir Surah As-Saf","Tafsir Sura As-Saf","Tafsir Sura As-Saf","Tafsir Surah Al-Jumu'ah"
"تفسير سورة Al-Jathiyah","Tafsir of Surah Al-Hujurat","তাফসির সূরা Al-Jumu'ah","تفسیر سوره Al-Jumu'ah","Tafsir Sourate Al-Jumu'ah","Tafsir Surah Al-Jumu'ah","Tafsir Sura Al-Jumu'ah","Tafsir Soera Al-Jumu'ah","Tafsir Surata Al-Jumu'ah","Тафсир Сура Al-Jumu'ah","Tefsir Sure Al-Jumu'ah","ตัฟซีรซูเราะห์ Al-Jumu'ah","Tefsir Sure Al-Jumu'ah","تفسیر سورہ Al-Jumu'ah","塔夫斯苏拉 Al-Jumu'ah","Tafsir Surah Al-Jumu'ah","Tafsir Sura Al-Jumu'ah","Tafsir Sura Al-Jumu'ah","Tafsir Surah Al-Munafiqun"
"تفسير سورة Al-Ahqaf","Tafsir of Surah Qaf","তাফসির সূরা Al-Munafiqun","تفسیر سوره Al-Munafiqun","Tafsir Sourate Al-Munafiqun","Tafsir Surah Al-Munafiqun","Tafsir Sura Al-Munafiqun","Tafsir Soera Al-Munafiqun","Tafsir Surata Al-Munafiqun","Тафсир Сура Al-Munafiqun","Tefsir Sure Al-Munafiqun","ตัฟซีรซูเราะห์ Al-Munafiqun","Tefsir Sure Al-Munafiqun","تفسیر سورہ Al-Munafiqun","塔夫斯苏拉 Al-Munafiqun","Tafsir Surah Al-Munafiqun","Tafsir Sura Al-Munafiqun","Tafsir Sura Al-Munafiqun","Tafsir Surah At-Taghabun"
"تفسير سورة Muhammad","Tafsir of Surah Ad-Zariyat","তাফসির সূরা At-Taghabun","تفسیر سوره At-Taghabun","Tafsir Sourate At-Taghabun","Tafsir Surah At-Taghabun","Tafsir Sura At-Taghabun","Tafsir Soera At-Taghabun","Tafsir Surata At-Taghabun","Тафсир Сура At-Taghabun","Tefsir Sure At-Taghabun","ตัฟซีรซูเราะห์ At-Taghabun","Tefsir Sure At-Taghabun","تفسیر سورہ At-Taghabun","塔夫斯苏拉 At-Taghabun","Tafsir Surah At-Taghabun","Tafsir Sura At-Taghabun","Tafsir Sura At-Taghabun","Tafsir Surah At-Talaq"
"تفسير سورة Al-Fath","Tafsir of Surah At-Tur","তাফসির সূরা At-Talaq","تفسیر سوره At-Talaq","Tafsir Sourate At-Talaq","Tafsir Surah At-Talaq","Tafsir Sura At-Talaq","Tafsir Soera At-Talaq","Tafsir Surata At-Talaq","Тафсир Сура At-Talaq","Tefsir Sure At-Talaq","ตัฟซีรซูเราะห์ At-Talaq","Tefsir Sure At-Talaq","تفسیر سورہ At-Talaq","塔夫斯苏拉 At-Talaq","Tafsir Surah At-Talaq","Tafsir Sura At-Talaq","Tafsir Sura At-Talaq","Tafsir Surah At-Tahrim"
"تفسير سورة Al-Hujurat","Tafsir of Surah An-Najm","তাফসির সূরা At-Tahrim","تفسیر سوره At-Tahrim","Tafsir Sourate At-Tahrim","Tafsir Surah At-Tahrim","Tafsir Sura At-Tahrim","Tafsir Soera At-Tahrim","Tafsir Surata At-Tahrim","Тафсир Сура At-Tahrim","Tefsir Sure At-Tahrim","ตัฟซีรซูเราะห์ At-Tahrim","Tefsir Sure At-Tahrim","تفسیر سورہ At-Tahrim","塔夫斯苏拉 At-Tahrim","Tafsir Surah At-Tahrim","Tafsir Sura At-Tahrim","Tafsir Sura At-Tahrim","Tafsir Surah Al-Mulk"
"تفسير سورة Qaf","Tafsir of Surah Al-Qamar","তাফসির সূরা Al-Mulk","تفسیر سوره Al-Mulk","Tafsir Sourate Al-Mulk","Tafsir Surah Al-Mulk","Tafsir Sura Al-Mulk","Tafsir Soera Al-Mulk","Tafsir Surata Al-Mulk","Тафсир Сура Al-Mulk","Tefsir Sure Al-Mulk","ตัฟซีรซูเราะห์ Al-Mulk","Tefsir Sure Al-Mulk","تفسیر سورہ Al-Mulk","塔夫斯苏拉 Al-Mulk","Tafsir Surah Al-Mulk","Tafsir Sura Al-Mulk","Tafsir Sura Al-Mulk","Tafsir Surah Al-Qalam"
"تفسير سورة Ad-Zariyat","Tafsir of Surah Ar-Rahman","তাফসির সূরা Al-Qalam","تفسیر سوره Al-Qalam","Tafsir Sourate Al-Qalam","Tafsir Surah Al-Qalam","Tafsir Sura Al-Qalam","Tafsir Soera Al-Qalam","Tafsir Surata Al-Qalam","Тафсир Сура Al-Qalam","Tefsir Sure Al-Qalam","ตัฟซีรซูเราะห์ Al-Qalam","Tefsir Sure Al-Qalam","تفسیر سورہ Al-Qalam","塔夫斯苏拉 Al-Qalam","Tafsir Surah Al-Qalam","Tafsir Sura Al-Qalam","Tafsir Sura Al-Qalam","Tafsir Surah Al-Haqqah"
"تفسير سورة At-Tur","Tafsir of Surah Al-Waqi'ah","তাফসির সূরা Al-Haqqah","تفسیر سوره Al-Haqqah","Tafsir Sourate Al-Haqqah","Tafsir Surah Al-Haqqah","Tafsir Sura Al-Haqqah","Tafsir Soera Al-Haqqah","Tafsir Surata Al-Haqqah","Тафсир Сура Al-Haqqah","Tefsir Sure Al-Haqqah","ตัฟซีรซูเราะห์ Al-Haqqah","Tefsir Sure Al-Haqqah","تفسیر سورہ Al-Haqqah","塔夫斯苏拉 Al-Haqqah","Tafsir Surah Al-Haqqah","Tafsir Sura Al-Haqqah","Tafsir Sura Al-Haqqah","Tafsir Surah Al-Ma'arij"
"تفسير سورة An-Najm","Tafsir of Surah Al-Hadid","তাফসির সূরা Al-Ma'arij","تفسیر سوره Al-Ma'arij","Tafsir Sourate Al-Ma'arij","Tafsir Surah Al-Ma'arij","Tafsir Sura Al-Ma'arij","Tafsir Soera Al-Ma'arij","Tafsir Surata Al-Ma'arij","Тафсир Сура Al-Ma'arij","Tefsir Sure Al-Ma'arij","ตัฟซีรซูเราะห์ Al-Ma'arij","Tefsir Sure Al-Ma'arij","تفسیر سورہ Al-Ma'arij","塔夫斯苏拉 Al-Ma'arij","Tafsir Surah Al-Ma'arij","Tafsir Sura Al-Ma'arij","Tafsir Sura Al-Ma'arij","Tafsir Surah Nuh"
"تفسير سورة Al-Qamar","Tafsir of Surah Al-Mujadila","তাফসির সূরা Nuh","تفسیر سوره Nuh","Tafsir Sourate Nuh","Tafsir Surah Nuh","Tafsir Sura Nuh","Tafsir Soera Nuh","Tafsir Surata Nuh","Тафсир Сура Nuh","Tefsir Sure Nuh","ตัฟซีรซูเราะห์ Nuh","Tefsir Sure Nuh","تفسیر سورہ Nuh","塔夫斯苏拉 Nuh","Tafsir Surah Nuh","Tafsir Sura Nuh","Tafsir Sura Nuh","Tafsir Surah Al-Jinn"
"تفسير سورة Ar-Rahman","Tafsir of Surah Al-Hashr","তাফসির সূরা Al-Jinn","تفسیر سوره Al-Jinn","Tafsir Sourate Al-Jinn","Tafsir Surah Al-Jinn","Tafsir Sura Al-Jinn","Tafsir Soera Al-Jinn","Tafsir Surata Al-Jinn","Тафсир Сура Al-Jinn","Tefsir Sure Al-Jinn","ตัฟซีรซูเราะห์ Al-Jinn","Tefsir Sure Al-Jinn","تفسیر سورہ Al-Jinn","塔夫斯苏拉 Al-Jinn","Tafsir Surah Al-Jinn","Tafsir Sura Al-Jinn","Tafsir Sura Al-Jinn","Tafsir Surah Al-Muzzammil"
"تفسير سورة Al-Waqi'ah","Tafsir of Surah Al-Mumtahanah","তাফসির সূরা Al-Muzzammil","تفسیر سوره Al-Muzzammil","Tafsir Sourate Al-Muzzammil","Tafsir Surah Al-Muzzammil","Tafsir Sura Al-Muzzammil","Tafsir Soera Al-Muzzammil","Tafsir Surata Al-Muzzammil","Тафсир Сура Al-Muzzammil","Tefsir Sure Al-Muzzammil","ตัฟซีรซูเราะห์ Al-Muzzammil","Tefsir Sure Al-Muzzammil","تفسیر سورہ Al-Muzzammil","塔夫斯苏拉 Al-Muzzammil","Tafsir Surah Al-Muzzammil","Tafsir Sura Al-Muzzammil","Tafsir Sura Al-Muzzammil","Tafsir Surah Al-Muddaththir"
"تفسير سورة Al-Hadid","Tafsir of Surah As-Saf","তাফসির সূরা Al-Muddaththir","تفسیر سوره Al-Muddaththir","Tafsir Sourate Al-Muddaththir","Tafsir Surah Al-Muddaththir","Tafsir Sura Al-Muddaththir","Tafsir Soera Al-Muddaththir","Tafsir Surata Al-Muddaththir","Тафсир Сура Al-Muddaththir","Tefsir Sure Al-Muddaththir","ตัฟซีรซูเราะห์ Al-Muddaththir","Tefsir Sure Al-Muddaththir","تفسیر سورہ Al-Muddaththir","塔夫斯苏拉 Al-Muddaththir","Tafsir Surah Al-Muddaththir","Tafsir Sura Al-Muddaththir","Tafsir Sura Al-Muddaththir","Tafsir Surah Al-Qiyamah"
"تفسير سورة Al-Mujadila","Tafsir of Surah Al-Jumu'ah","তাফসির সূরা Al-Qiyamah","تفسیر سوره Al-Qiyamah","Tafsir Sourate Al-Qiyamah","Tafsir Surah Al-Qiyamah","Tafsir Sura Al-Qiyamah","Tafsir Soera Al-Qiyamah","Tafsir Surata Al-Qiyamah","Тафсир Сура Al-Qiyamah","Tefsir Sure Al-Qiyamah","ตัฟซีรซูเราะห์ Al-Qiyamah","Tefsir Sure Al-Qiyamah","تفسیر سورہ Al-Qiyamah","塔夫斯苏拉 Al-Qiyamah","Tafsir Surah Al-Qiyamah","Tafsir Sura Al-Qiyamah","Tafsir Sura Al-Qiyamah","Tafsir Surah Al-Insan"
"تفسير سورة Al-Hashr","Tafsir of Surah Al-Munafiqun","তাফসির সূরা Al-Insan","تفسیر سوره Al-Insan","Tafsir Sourate Al-Insan","Tafsir Surah Al-Insan","Tafsir Sura Al-Insan","Tafsir Soera Al-Insan","Tafsir Surata Al-Insan","Тафсир Сура Al-Insan","Tefsir Sure Al-Insan","ตัฟซีรซูเราะห์ Al-Insan","Tefsir Sure Al-Insan","تفسیر سورہ Al-Insan","塔夫斯苏拉 Al-Insan","Tafsir Surah Al-Insan","Tafsir Sura Al-Insan","Tafsir Sura Al-Insan","Tafsir Surah Al-Mursalat"
"تفسير سورة Al-Mumtahanah","Tafsir of Surah At-Taghabun","তাফসির সূরা Al-Mursalat","تفسیر سوره Al-Mursalat","Tafsir Sourate Al-Mursalat","Tafsir Surah Al-Mursalat","Tafsir Sura Al-Mursalat","Tafsir Soera Al-Mursalat","Tafsir Surata Al-Mursalat","Тафсир Сура Al-Mursalat","Tefsir Sure Al-Mursalat","ตัฟซีรซูเราะห์ Al-Mursalat","Tefsir Sure Al-Mursalat","تفسیر سورہ Al-Mursalat","塔夫斯苏拉 Al-Mursalat","Tafsir Surah Al-Mursalat","Tafsir Sura Al-Mursalat","Tafsir Sura Al-Mursalat","Tafsir Surah An-Naba"
"تفسير سورة As-Saf","Tafsir of Surah At-Talaq","তাফসির সূরা An-Naba","تفسیر سوره An-Naba","Tafsir Sourate An-Naba","Tafsir Surah An-Naba","Tafsir Sura An-Naba","Tafsir Soera An-Naba","Tafsir Surata An-Naba","Тафсир Сура An-Naba","Tefsir Sure An-Naba","ตัฟซีรซูเราะห์ An-Naba","Tefsir Sure An-Naba","تفسیر سورہ An-Naba","塔夫斯苏拉 An-Naba","Tafsir Surah An-Naba","Tafsir Sura An-Naba","Tafsir Sura An-Naba","Tafsir Surah An-Nazi'at"
"تفسير سورة Al-Jumu'ah","Tafsir of Surah At-Tahrim","তাফসির সূরা An-Nazi'at","تفسیر سوره An-Nazi'at","Tafsir Sourate An-Nazi'at","Tafsir Surah An-Nazi'at","Tafsir Sura An-Nazi'at","Tafsir Soera An-Nazi'at","Tafsir Surata An-Nazi'at","Тафсир Сура An-Nazi'at","Tefsir Sure An-Nazi'at","ตัฟซีรซูเราะห์ An-Nazi'at","Tefsir Sure An-Nazi'at","تفسیر سورہ An-Nazi'at","塔夫斯苏拉 An-Nazi'at","Tafsir Surah An-Nazi'at","Tafsir Sura An-Nazi'at","Tafsir Sura An-Nazi'at","Tafsir Surah 'Abasa"
"تفسير سورة Al-Munafiqun","Tafsir of Surah Al-Mulk","তাফসির সূরা 'Abasa","تفسیر سوره 'Abasa","Tafsir Sourate 'Abasa","Tafsir Surah 'Abasa","Tafsir Sura 'Abasa","Tafsir Soera 'Abasa","Tafsir Surata 'Abasa","Тафсир Сура 'Abasa","Tefsir Sure 'Abasa","ตัฟซีรซูเราะห์ 'Abasa","Tefsir Sure 'Abasa","تفسیر سورہ 'Abasa","塔夫斯苏拉 'Abasa","Tafsir Surah 'Abasa","Tafsir Sura 'Abasa","Tafsir Sura 'Abasa","Tafsir Surah At-Takwir"
"تفسير سورة At-Taghabun","Tafsir of Surah Al-Qalam","তাফসির সূরা At-Takwir","تفسیر سوره At-Takwir","Tafsir Sourate At-Takwir","Tafsir Surah At-Takwir","Tafsir Sura At-Takwir","Tafsir Soera At-Takwir","Tafsir Surata At-Takwir","Тафсир Сура At-Takwir","Tefsir Sure At-Takwir","ตัฟซีรซูเราะห์ At-Takwir","Tefsir Sure At-Takwir","تفسیر سورہ At-Takwir","塔夫斯苏拉 At-Takwir","Tafsir Surah At-Takwir","Tafsir Sura At-Takwir","Tafsir Sura At-Takwir","Tafsir Surah Al-Infitar"
"تفسير سورة At-Talaq","Tafsir of Surah Al-Haqqah","তাফসির সূরা Al-Infitar","تفسیر سوره Al-Infitar","Tafsir Sourate Al-Infitar","Tafsir Surah Al-Infitar","Tafsir Sura Al-Infitar","Tafsir Soera Al-Infitar","Tafsir Surata Al-Infitar","Тафсир Сура Al-Infitar","Tefsir Sure Al-Infitar","ตัฟซีรซูเราะห์ Al-Infitar","Tefsir Sure Al-Infitar","تفسیر سورہ Al-Infitar","塔夫斯苏拉 Al-Infitar","Tafsir Surah Al-Infitar","Tafsir Sura Al-Infitar","Tafsir Sura Al-Infitar","Tafsir Surah Al-Mutaffifin"
"تفسير سورة At-Tahrim","Tafsir of Surah Al-Ma'arij","তাফসির সূরা Al-Mutaffifin","تفسیر سوره Al-Mutaffifin","Tafsir Sourate Al-Mutaffifin","Tafsir Surah Al-Mutaffifin","Tafsir Sura Al-Mutaffifin","Tafsir Soera Al-Mutaffifin","Tafsir Surata Al-Mutaffifin","Тафсир Сура Al-Mutaffifin","Tefsir Sure Al-Mutaffifin","ตัฟซีรซูเราะห์ Al-Mutaffifin","Tefsir Sure Al-Mutaffifin","تفسیر سورہ Al-Mutaffifin","塔夫斯苏拉 Al-Mutaffifin","Tafsir Surah Al-Mutaffifin","Tafsir Sura Al-Mutaffifin","Tafsir Sura Al-Mutaffifin","Tafsir Surah Al-Inshiqaq"
"تفسير سورة Al-Mulk","Tafsir of Surah Nuh","তাফসির সূরা Al-Inshiqaq","تفسیر سوره Al-Inshiqaq","Tafsir Sourate Al-Inshiqaq","Tafsir Surah Al-Inshiqaq","Tafsir Sura Al-Inshiqaq","Tafsir Soera Al-Inshiqaq","Tafsir Surata Al-Inshiqaq","Тафсир Сура Al-Inshiqaq","Tefsir Sure Al-Inshiqaq","ตัฟซีรซูเราะห์ Al-Inshiqaq","Tefsir Sure Al-Inshiqaq","تفسیر سورہ Al-Inshiqaq","塔夫斯苏拉 Al-Inshiqaq","Tafsir Surah Al-Inshiqaq","Tafsir Sura Al-Inshiqaq","Tafsir Sura Al-Inshiqaq","Tafsir Surah Al-Buruj"
"تفسير سورة Al-Qalam","Tafsir of Surah Al-Jinn","তাফসির সূরা Al-Buruj","تفسیر سوره Al-Buruj","Tafsir Sourate Al-Buruj","Tafsir Surah Al-Buruj","Tafsir Sura Al-Buruj","Tafsir Soera Al-Buruj","Tafsir Surata Al-Buruj","Тафсир Сура Al-Buruj","Tefsir Sure Al-Buruj","ตัฟซีรซูเราะห์ Al-Buruj","Tefsir Sure Al-Buruj","تفسیر سورہ Al-Buruj","塔夫斯苏拉 Al-Buruj","Tafsir Surah Al-Buruj","Tafsir Sura Al-Buruj","Tafsir Sura Al-Buruj","Tafsir Surah At-Tariq"
"تفسير سورة Al-Haqqah","Tafsir of Surah Al-Muzzammil","তাফসির সূরা At-Tariq","تفسیر سوره At-Tariq","Tafsir Sourate At-Tariq","Tafsir Surah At-Tariq","Tafsir Sura At-Tariq","Tafsir Soera At-Tariq","Tafsir Surata At-Tariq","Тафсир Сура At-Tariq","Tefsir Sure At-Tariq","ตัฟซีรซูเราะห์ At-Tariq","Tefsir Sure At-Tariq","تفسیر سورہ At-Tariq","塔夫斯苏拉 At-Tariq","Tafsir Surah At-Tariq","Tafsir Sura At-Tariq","Tafsir Sura At-Tariq","Tafsir Surah Al-A'la"
"تفسير سورة Al-Ma'arij","Tafsir of Surah Al-Muddaththir","তাফসির সূরা Al-A'la","تفسیر سوره Al-A'la","Tafsir Sourate Al-A'la","Tafsir Surah Al-A'la","Tafsir Sura Al-A'la","Tafsir Soera Al-A'la","Tafsir Surata Al-A'la","Тафсир Сура Al-A'la","Tefsir Sure Al-A'la","ตัฟซีรซูเราะห์ Al-A'la","Tefsir Sure Al-A'la","تفسیر سورہ Al-A'la","塔夫斯苏拉 Al-A'la","Tafsir Surah Al-A'la","Tafsir Sura Al-A'la","Tafsir Sura Al-A'la","Tafsir Surah Al-Ghashiyah"
"تفسير سورة Nuh","Tafsir of Surah Al-Qiyamah","তাফসির সূরা Al-Ghashiyah","تفسیر سوره Al-Ghashiyah","Tafsir Sourate Al-Ghashiyah","Tafsir Surah Al-Ghashiyah","Tafsir Sura Al-Ghashiyah","Tafsir Soera Al-Ghashiyah","Tafsir Surata Al-Ghashiyah","Тафсир Сура Al-Ghashiyah","Tefsir Sure Al-Ghashiyah","ตัฟซีรซูเราะห์ Al-Ghashiyah","Tefsir Sure Al-Ghashiyah","تفسیر سورہ Al-Ghashiyah","塔夫斯苏拉 Al-Ghashiyah","Tafsir Surah Al-Ghashiyah","Tafsir Sura Al-Ghashiyah","Tafsir Sura Al-Ghashiyah","Tafsir Surah Al-Fajr"
"تفسير سورة Al-Jinn","Tafsir of Surah Al-Insan","তাফসির সূরা Al-Fajr","تفسیر سوره Al-Fajr","Tafsir Sourate Al-Fajr","Tafsir Surah Al-Fajr","Tafsir Sura Al-Fajr","Tafsir Soera Al-Fajr","Tafsir Surata Al-Fajr","Тафсир Сура Al-Fajr","Tefsir Sure Al-Fajr","ตัฟซีรซูเราะห์ Al-Fajr","Tefsir Sure Al-Fajr","تفسیر سورہ Al-Fajr","塔夫斯苏拉 Al-Fajr","Tafsir Surah Al-Fajr","Tafsir Sura Al-Fajr","Tafsir Sura Al-Fajr","Tafsir Surah Al-Balad"
"تفسير سورة Al-Muzzammil","Tafsir of Surah Al-Mursalat","তাফসির সূরা Al-Balad","تفسیر سوره Al-Balad","Tafsir Sourate Al-Balad","Tafsir Surah Al-Balad","Tafsir Sura Al-Balad","Tafsir Soera Al-Balad","Tafsir Surata Al-Balad","Тафсир Сура Al-Balad","Tefsir Sure Al-Balad","ตัฟซีรซูเราะห์ Al-Balad","Tefsir Sure Al-Balad","تفسیر سورہ Al-Balad","塔夫斯苏拉 Al-Balad","Tafsir Surah Al-Balad","Tafsir Sura Al-Balad","Tafsir Sura Al-Balad","Tafsir Surah Ash-Shams"
"تفسير سورة Al-Muddaththir","Tafsir of Surah An-Naba","তাফসির সূরা Ash-Shams","تفسیر سوره Ash-Shams","Tafsir Sourate Ash-Shams","Tafsir Surah Ash-Shams","Tafsir Sura Ash-Shams","Tafsir Soera Ash-Shams","Tafsir Surata Ash-Shams","Тафсир Сура Ash-Shams","Tefsir Sure Ash-Shams","ตัฟซีรซูเราะห์ Ash-Shams","Tefsir Sure Ash-Shams","تفسیر سورہ Ash-Shams","塔夫斯苏拉 Ash-Shams","Tafsir Surah Ash-Shams","Tafsir Sura Ash-Shams","Tafsir Sura Ash-Shams","Tafsir Surah Al-Lail"
"تفسير سورة Al-Qiyamah","Tafsir of Surah An-Nazi'at","তাফসির সূরা Al-Lail","تفسیر سوره Al-Lail","Tafsir Sourate Al-Lail","Tafsir Surah Al-Lail","Tafsir Sura Al-Lail","Tafsir Soera Al-Lail","Tafsir Surata Al-Lail","Тафсир Сура Al-Lail","Tefsir Sure Al-Lail","ตัฟซีรซูเราะห์ Al-Lail","Tefsir Sure Al-Lail","تفسیر سورہ Al-Lail","塔夫斯苏拉 Al-Lail","Tafsir Surah Al-Lail","Tafsir Sura Al-Lail","Tafsir Sura Al-Lail","Tafsir Surah Ad-Duha"
"تفسير سورة Al-Insan","Tafsir of Surah 'Abasa","তাফসির সূরা Ad-Duha","تفسیر سوره Ad-Duha","Tafsir Sourate Ad-Duha","Tafsir Surah Ad-Duha","Tafsir Sura Ad-Duha","Tafsir Soera Ad-Duha","Tafsir Surata Ad-Duha","Тафсир Сура Ad-Duha","Tefsir Sure Ad-Duha","ตัฟซีรซูเราะห์ Ad-Duha","Tefsir Sure Ad-Duha","تفسیر سورہ Ad-Duha","塔夫斯苏拉 Ad-Duha","Tafsir Surah Ad-Duha","Tafsir Sura Ad-Duha","Tafsir Sura Ad-Duha","Tafsir Surah Ash-Sharh"
"تفسير سورة Al-Mursalat","Tafsir of Surah At-Takwir","তাফসির সূরা Ash-Sharh","تفسیر سوره Ash-Sharh","Tafsir Sourate Ash-Sharh","Tafsir Surah Ash-Sharh","Tafsir Sura Ash-Sharh","Tafsir Soera Ash-Sharh","Tafsir Surata Ash-Sharh","Тафсир Сура Ash-Sharh","Tefsir Sure Ash-Sharh","ตัฟซีรซูเราะห์ Ash-Sharh","Tefsir Sure Ash-Sharh","تفسیر سورہ Ash-Sharh","塔夫斯苏拉 Ash-Sharh","Tafsir Surah Ash-Sharh","Tafsir Sura Ash-Sharh","Tafsir Sura Ash-Sharh","Tafsir Surah At-Tin"
"تفسير سورة An-Naba","Tafsir of Surah Al-Infitar","তাফসির সূরা At-Tin","تفسیر سوره At-Tin","Tafsir Sourate At-Tin","Tafsir Surah At-Tin","Tafsir Sura At-Tin","Tafsir Soera At-Tin","Tafsir Surata At-Tin","Тафсир Сура At-Tin","Tefsir Sure At-Tin","ตัฟซีรซูเราะห์ At-Tin","Tefsir Sure At-Tin","تفسیر سورہ At-Tin","塔夫斯苏拉 At-Tin","Tafsir Surah At-Tin","Tafsir Sura At-Tin","Tafsir Sura At-Tin","Tafsir Surah Al-'Alaq"
"تفسير سورة An-Nazi'at","Tafsir of Surah Al-Mutaffifin","তাফসির সূরা Al-'Alaq","تفسیر سوره Al-'Alaq","Tafsir Sourate Al-'Alaq","Tafsir Surah Al-'Alaq","Tafsir Sura Al-'Alaq","Tafsir Soera Al-'Alaq","Tafsir Surata Al-'Alaq","Тафсир Сура Al-'Alaq","Tefsir Sure Al-'Alaq","ตัฟซีรซูเราะห์ Al-'Alaq","Tefsir Sure Al-'Alaq","تفسیر سورہ Al-'Alaq","塔夫斯苏拉 Al-'Alaq","Tafsir Surah Al-'Alaq","Tafsir Sura Al-'Alaq","Tafsir Sura Al-'Alaq","Tafsir Surah Al-Qadr"
"تفسير سورة 'Abasa","Tafsir of Surah Al-Inshiqaq","তাফসির সূরা Al-Qadr","تفسیر سوره Al-Qadr","Tafsir Sourate Al-Qadr","Tafsir Surah Al-Qadr","Tafsir Sura Al-Qadr","Tafsir Soera Al-Qadr","Tafsir Surata Al-Qadr","Тафсир Сура Al-Qadr","Tefsir Sure Al-Qadr","ตัฟซีรซูเราะห์ Al-Qadr","Tefsir Sure Al-Qadr","تفسیر سورہ Al-Qadr","塔夫斯苏拉 Al-Qadr","Tafsir Surah Al-Qadr","Tafsir Sura Al-Qadr","Tafsir Sura Al-Qadr","Tafsir Surah Al-Bayyinah"
"تفسير سورة At-Takwir","Tafsir of Surah Al-Buruj","তাফসির সূরা Al-Bayyinah","تفسیر سوره Al-Bayyinah","Tafsir Sourate Al-Bayyinah","Tafsir Surah Al-Bayyinah","Tafsir Sura Al-Bayyinah","Tafsir Soera Al-Bayyinah","Tafsir Surata Al-Bayyinah","Тафсир Сура Al-Bayyinah","Tefsir Sure Al-Bayyinah","ตัฟซีรซูเราะห์ Al-Bayyinah","Tefsir Sure Al-Bayyinah","تفسیر سورہ Al-Bayyinah","塔夫斯苏拉 Al-Bayyinah","Tafsir Surah Al-Bayyinah","Tafsir Sura Al-Bayyinah","Tafsir Sura Al-Bayyinah","Tafsir Surah Az-Zalzalah"
"تفسير سورة Al-Infitar","Tafsir of Surah At-Tariq","তাফসির সূরা Az-Zalzalah","تفسیر سوره Az-Zalzalah","Tafsir Sourate Az-Zalzalah","Tafsir Surah Az-Zalzalah","Tafsir Sura Az-Zalzalah","Tafsir Soera Az-Zalzalah","Tafsir Surata Az-Zalzalah","Тафсир Сура Az-Zalzalah","Tefsir Sure Az-Zalzalah","ตัฟซีรซูเราะห์ Az-Zalzalah","Tefsir Sure Az-Zalzalah","تفسیر سورہ Az-Zalzalah","塔夫斯苏拉 Az-Zalzalah","Tafsir Surah Az-Zalzalah","Tafsir Sura Az-Zalzalah","Tafsir Sura Az-Zalzalah","Tafsir Surah Al-'Adiyat"
"تفسير سورة Al-Mutaffifin","Tafsir of Surah Al-A'la","তাফসির সূরা Al-'Adiyat","تفسیر سوره Al-'Adiyat","Tafsir Sourate Al-'Adiyat","Tafsir Surah Al-'Adiyat","Tafsir Sura Al-'Adiyat","Tafsir Soera Al-'Adiyat","Tafsir Surata Al-'Adiyat","Тафсир Сура Al-'Adiyat","Tefsir Sure Al-'Adiyat","ตัฟซีรซูเราะห์ Al-'Adiyat","Tefsir Sure Al-'Adiyat","تفسیر سورہ Al-'Adiyat","塔夫斯苏拉 Al-'Adiyat","Tafsir Surah Al-'Adiyat","Tafsir Sura Al-'Adiyat","Tafsir Sura Al-'Adiyat","Tafsir Surah Al-Qari'ah"
"تفسير سورة Al-Inshiqaq","Tafsir of Surah Al-Ghashiyah","তাফসির সূরা Al-Qari'ah","تفسیر سوره Al-Qari'ah","Tafsir Sourate Al-Qari'ah","Tafsir Surah Al-Qari'ah","Tafsir Sura Al-Qari'ah","Tafsir Soera Al-Qari'ah","Tafsir Surata Al-Qari'ah","Тафсир Сура Al-Qari'ah","Tefsir Sure Al-Qari'ah","ตัฟซีรซูเราะห์ Al-Qari'ah","Tefsir Sure Al-Qari'ah","تفسیر سورہ Al-Qari'ah","塔夫斯苏拉 Al-Qari'ah","Tafsir Surah Al-Qari'ah","Tafsir Sura Al-Qari'ah","Tafsir Sura Al-Qari'ah","Tafsir Surah At-Takathur"
"تفسير سورة Al-Buruj","Tafsir of Surah Al-Fajr","তাফসির সূরা At-Takathur","تفسیر سوره At-Takathur","Tafsir Sourate At-Takathur","Tafsir Surah At-Takathur","Tafsir Sura At-Takathur","Tafsir Soera At-Takathur","Tafsir Surata At-Takathur","Тафсир Сура At-Takathur","Tefsir Sure At-Takathur","ตัฟซีรซูเราะห์ At-Takathur","Tefsir Sure At-Takathur","تفسیر سورہ At-Takathur","塔夫斯苏拉 At-Takathur","Tafsir Surah At-Takathur","Tafsir Sura At-Takathur","Tafsir Sura At-Takathur","Tafsir Surah Al-'Asr"
"تفسير سورة At-Tariq","Tafsir of Surah Al-Balad","তাফসির সূরা Al-'Asr","تفسیر سوره Al-'Asr","Tafsir Sourate Al-'Asr","Tafsir Surah Al-'Asr","Tafsir Sura Al-'Asr","Tafsir Soera Al-'Asr","Tafsir Surata Al-'Asr","Тафсир Сура Al-'Asr","Tefsir Sure Al-'Asr","ตัฟซีรซูเราะห์ Al-'Asr","Tefsir Sure Al-'Asr","تفسیر سورہ Al-'Asr","塔夫斯苏拉 Al-'Asr","Tafsir Surah Al-'Asr","Tafsir Sura Al-'Asr","Tafsir Sura Al-'Asr","Tafsir Surah Al-Humazah"
"تفسير سورة Al-A'la","Tafsir of Surah Ash-Shams","তাফসির সূরা Al-Humazah","تفسیر سوره Al-Humazah","Tafsir Sourate Al-Humazah","Tafsir Surah Al-Humazah","Tafsir Sura Al-Humazah","Tafsir Soera Al-Humazah","Tafsir Surata Al-Humazah","Тафсир Сура Al-Humazah","Tefsir Sure Al-Humazah","ตัฟซีรซูเราะห์ Al-Humazah","Tefsir Sure Al-Humazah","تفسیر سورہ Al-Humazah","塔夫斯苏拉 Al-Humazah","Tafsir Surah Al-Humazah","Tafsir Sura Al-Humazah","Tafsir Sura Al-Humazah","Tafsir Surah Al-Fil"
"تفسير سورة Al-Ghashiyah","Tafsir of Surah Al-Lail","তাফসির সূরা Al-Fil","تفسیر سوره Al-Fil","Tafsir Sourate Al-Fil","Tafsir Surah Al-Fil","Tafsir Sura Al-Fil","Tafsir Soera Al-Fil","Tafsir Surata Al-Fil","Тафсир Сура Al-Fil","Tefsir Sure Al-Fil","ตัฟซีรซูเราะห์ Al-Fil","Tefsir Sure Al-Fil","تفسیر سورہ Al-Fil","塔夫斯苏拉 Al-Fil","Tafsir Surah Al-Fil","Tafsir Sura Al-Fil","Tafsir Sura Al-Fil","Tafsir Surah Quraish"
